Team,Gender,Professional_Category,Age,Tenure,Working_Time,Status,PSS1,PSS2,PSS3,PSS4,PSS5,PSS6,PSS7,PSS8,PSS9,PSS10,PSS_Total,SWB1,SWB2,SWB3,SWB4,SWB5,SWB6,SWB_Total,RI1,RI2,RI3,RI4,RI5,RI6,RI7,RI8,RI_Total,RT1,RT2,RT3,RT4,RT5,RT6,RT_Total,TP1,TP2,TP3,TP4,TP5,TP6,TP_Total
4,2,1,37.05845987,1,1,2,3,2,3,2,2,4,2,2,3,2,25,4,3,4,3,3,3,20,4,5,5,5,3,2,5,3,32,5,5,6,5,6,5,32,6,6,6,5,5,4,32
23,2,1,40.99932009,2,1,1,3,3,5,1,2,3,2,3,3,3,28,2,3,3,2,2,2,14,5,5,4,5,4,5,5,4,37,5,4,5,5,4,4,27,4,4,5,4,4,4,25
31,1,1,36.88641686,1,1,2,3,3,4,1,3,4,2,3,4,4,31,2,3,3,2,4,2,16,4,4,4,5,3,3,3,4,30,5,5,5,4,4,5,28,4,4,5,5,5,6,29
33,1,1,41.36491148,2,1,1,3,1,3,2,2,3,1,3,3,2,23,4,4,4,4,3,3,22,5,5,5,4,4,5,5,4,37,4,4,4,5,6,5,28,4,5,5,4,4,4,26
33,1,1,43.36222331,1,1,2,3,3,4,3,3,4,3,3,4,3,33,3,3,3,3,3,4,19,5,4,6,4,4,4,3,4,34,4,4,4,4,4,4,24,4,4,4,4,4,4,24
22,2,1,56.57190073,2,1,2,2,3,3,2,3,2,2,2,3,2,24,3,3,3,3,4,3,19,4,5,3,5,1,5,5,5,33,4,4,4,3,5,4,24,4,4,4,4,5,5,26
27,2,1,58.48050288,2,1,2,1,1,3,1,3,5,3,3,3,2,25,2,2,2,2,1,1,10,6,6,1,3,6,4,1,5,32,6,4,4,4,4,4,26,4,4,4,4,4,4,24
2,1,1,39.59878245,2,1,2,2,2,2,3,2,2,3,2,3,2,23,3,3,3,3,3,4,19,4,3,4,5,4,4,5,5,34,4,4,4,3,4,3,22,3,4,4,4,4,4,23
5,2,1,33.81114804,1,1,2,4,3,4,3,3,4,1,3,5,4,34,1,2,3,2,1,1,10,4,3,2,1,1,3,4,3,21,3,4,1,1,6,4,19,3,3,3,3,1,3,16
21,1,1,61.66061041,2,1,2,3,2,2,2,2,4,2,2,3,2,24,3,3,4,3,3,3,19,5,5,4,5,5,5,5,5,39,5,5,5,5,6,6,32,5,5,5,6,6,6,33
14,1,1,52.68211578,1,1,1,3,2,3,2,2,3,2,2,3,2,24,3,3,3,3,3,3,18,6,5,5,5,3,5,5,5,39,4,4,3,4,4,4,23,3,3,4,3,4,4,21
1,2,1,36.83265342,1,1,1,4,3,4,2,2,5,2,3,3,3,31,3,3,3,3,2,3,17,5,4,4,5,3,5,4,4,34,4,3,4,4,5,4,24,4,4,4,4,3,3,22
12,2,1,42.46168568,1,1,1,4,2,2,1,2,2,1,1,1,2,18,2,3,3,2,1,1,12,5,5,3,5,5,5,5,5,38,4,4,5,5,5,5,28,5,5,5,5,5,5,30
1,2,1,30.27351363,1,1,2,1,1,1,1,1,1,1,1,1,1,10,4,4,4,4,4,4,24,6,6,6,6,6,6,6,6,48,6,5,5,6,6,5,33,6,6,6,5,6,6,35
2,1,1,43.45630933,2,1,2,5,5,5,1,2,3,3,2,5,5,36,4,4,4,3,4,4,23,4,4,4,4,6,4,4,4,34,6,6,6,6,6,6,36,6,6,6,4,6,6,34
8,2,1,52.34340611,2,1,2,3,3,3,3,3,3,3,3,3,3,30,3,3,2,2,2,2,14,4,4,2,4,4,3,4,4,29,3,4,4,2,4,2,19,4,4,4,5,2,2,21
13,2,1,30.68480396,1,1,2,5,5,4,2,3,5,3,2,4,4,37,3,3,2,3,4,3,18,5,5,4,5,4,6,5,5,39,6,6,6,6,6,6,36,6,6,6,6,6,6,36
7,2,1,28.24932009,1,1,2,2,2,3,1,2,1,1,1,2,1,16,3,3,2,3,2,2,15,5,4,3,4,5,4,5,5,35,4,4,4,4,4,4,24,4,4,4,4,3,4,23
10,2,2,29.63641686,2,1,2,2,2,5,1,2,3,1,3,2,1,22,3,3,3,3,2,2,16,5,5,4,6,4,6,6,5,41,6,6,6,6,6,6,36,6,6,6,6,6,3,33
33,1,1,27.53157815,1,1,2,3,2,3,1,2,2,3,2,3,2,23,2,3,3,2,2,3,15,4,5,5,5,5,5,5,4,38,4,4,4,4,6,6,28,5,5,5,5,4,4,28
31,2,1,37.48319105,2,1,1,5,4,5,3,3,4,3,3,4,3,37,4,3,4,3,3,3,20,5,4,4,4,5,4,4,4,34,5,4,5,4,2,3,23,2,2,4,5,5,6,24
27,2,1,58.22243836,2,1,2,2,2,3,2,3,3,3,2,3,2,25,3,3,3,3,3,3,18,5,5,5,5,3,5,4,4,36,4,4,5,4,4,4,25,5,4,5,5,4,4,27
8,1,1,40.56921256,2,1,2,3,3,4,4,4,5,2,4,4,5,38,3,3,3,3,2,2,16,4,3,5,3,3,4,5,4,31,5,4,5,5,5,4,28,5,5,5,4,4,6,29
14,2,2,59.56652439,2,1,2,1,3,4,2,3,4,2,3,4,3,29,3,2,2,2,2,2,13,4,3,3,4,3,4,4,3,28,4,4,4,3,3,4,22,4,3,3,3,3,4,20
14,2,2,38.27082546,2,1,2,2,3,5,2,3,5,2,3,5,5,35,2,2,2,2,2,2,12,4,4,3,4,5,4,4,4,32,3,4,3,3,3,3,19,4,4,4,6,3,3,24
30,2,1,43.622976,2,1,2,2,3,4,2,2,3,2,2,2,1,23,3,3,3,3,3,3,18,3,5,3,5,4,5,5,5,35,4,4,4,2,2,2,18,5,3,4,4,4,4,24
16,2,1,47.12566417,2,1,2,1,1,3,2,3,2,3,2,2,1,20,3,3,3,3,3,2,17,4,3,4,2,5,3,3,2,26,2,2,2,3,4,4,17,5,4,4,5,4,5,27
5,2,1,54.94824482,2,1,2,2,3,3,2,2,3,2,3,4,2,26,3,3,3,3,3,3,18,4,4,5,3,3,5,4,4,32,4,5,4,3,4,3,23,3,3,4,3,3,5,21
27,2,1,55.69286847,2,1,2,2,2,3,2,4,2,3,2,2,2,24,2,2,2,2,1,1,10,4,4,2,4,4,4,4,3,29,4,4,4,4,4,4,24,3,4,4,5,5,5,26
5,2,1,34.65792224,1,1,2,5,3,3,1,3,3,1,1,1,1,22,3,4,4,3,3,3,20,5,5,4,4,3,5,6,5,37,6,6,6,5,6,5,34,5,4,5,4,5,5,28
12,1,1,43.16598675,1,1,2,3,3,4,2,3,4,1,2,3,2,27,2,2,3,2,2,2,13,5,3,4,4,5,5,5,5,36,6,5,5,5,5,6,32,5,5,5,6,5,4,30
30,2,1,35.85684697,2,1,2,5,3,3,1,3,5,3,4,4,5,36,2,2,3,1,1,1,10,6,4,2,6,4,5,5,6,38,5,4,3,4,4,4,24,3,6,6,6,5,4,30
26,2,2,32.64985772,1,1,2,2,1,2,1,1,2,1,2,2,1,15,4,3,3,3,4,4,21,5,4,6,6,6,6,5,5,43,5,5,5,5,5,5,30,5,5,5,5,5,5,30
14,2,2,34.94824482,2,1,2,3,3,3,2,2,3,2,2,3,3,26,3,3,3,3,3,4,19,4,5,5,4,5,3,4,5,35,3,3,3,4,4,2,19,5,5,5,6,2,3,26
32,1,1,37.19555664,1,1,2,3,2,3,1,2,2,1,2,1,2,19,3,3,4,3,3,4,20,4,4,5,4,5,5,5,5,37,6,5,5,5,5,6,32,5,5,5,3,5,6,29
14,2,1,42.46975019,2,1,2,4,2,5,1,2,3,2,2,3,3,27,3,2,3,2,2,2,14,5,5,5,5,4,4,5,4,37,4,5,4,3,5,5,26,4,5,4,5,4,4,26
8,2,1,32.78964267,2,1,2,3,3,4,3,3,2,2,3,3,1,27,3,3,3,3,2,2,16,6,6,4,6,5,6,5,4,42,1,4,4,3,4,3,19,4,5,5,5,2,3,24
8,2,2,31.81114804,2,1,2,3,2,2,3,3,3,2,3,2,2,25,3,4,4,3,3,3,20,6,4,5,4,5,3,5,5,37,4,4,4,3,4,4,23,4,4,4,2,5,5,24
30,2,1,48.64985772,2,1,2,4,4,5,3,3,5,1,3,3,4,35,2,2,2,1,1,1,9,3,3,3,3,3,4,5,3,27,5,4,4,5,5,5,28,5,5,5,6,5,5,31
3,1,1,41.89448138,2,1,2,1,1,2,1,1,1,1,1,1,1,11,3,4,3,3,3,3,19,5,5,5,5,5,5,5,5,40,5,5,5,5,5,5,30,5,5,5,3,5,5,28
3,2,1,36.51276095,1,1,2,3,4,4,3,3,3,3,3,4,3,33,3,3,4,3,3,3,19,5,5,4,5,5,5,6,5,40,5,5,5,5,5,5,30,5,5,5,5,5,5,30
3,2,1,28.77888998,1,1,2,2,2,1,1,2,1,1,2,1,1,14,3,3,3,3,3,3,18,4,5,5,4,5,5,5,4,37,5,5,5,5,5,5,30,5,4,5,5,5,5,29
22,2,2,49.62028783,1,1,2,1,1,4,1,3,1,1,1,3,1,17,3,4,2,2,2,4,17,6,6,6,6,6,6,6,6,48,4,4,4,4,4,4,24,4,4,4,4,4,4,24
15,2,1,54.40792224,1,1,1,5,3,3,1,2,2,2,2,2,1,23,4,4,4,4,4,4,24,6,6,6,6,6,6,6,6,48,6,6,6,6,6,6,36,6,6,6,6,6,6,36
3,1,1,39.4885674,2,1,1,4,3,4,3,3,3,2,2,5,4,33,3,3,3,3,2,2,16,4,6,3,4,3,5,5,4,34,5,5,6,6,6,6,34,6,6,6,6,6,6,36
3,1,1,51.95093299,2,1,2,2,2,3,2,2,3,2,2,2,1,21,3,3,3,3,3,3,18,6,5,4,5,4,6,5,5,40,6,5,5,6,6,6,34,5,5,5,6,6,6,33
19,2,1,39.85147062,1,1,1,5,2,3,2,2,2,1,2,2,2,23,3,3,3,3,3,3,18,5,5,5,5,5,5,5,5,40,5,5,5,5,5,5,30,5,5,5,5,4,5,29
20,2,1,56.17673944,2,1,2,4,3,3,2,3,3,2,3,3,2,28,3,3,3,3,2,3,17,4,4,4,4,4,4,5,4,33,4,4,4,3,5,4,24,5,5,5,5,3,3,26
32,2,1,40.23319105,2,1,2,1,2,3,1,4,4,2,2,2,1,22,3,2,3,3,3,1,15,5,4,3,4,4,4,4,4,32,4,3,4,4,4,4,23,4,3,3,5,5,6,26
5,2,2,51.18211578,2,1,2,3,2,4,3,3,2,3,3,3,3,29,3,3,3,3,3,3,18,4,5,5,4,4,5,4,4,35,4,4,5,4,5,5,27,5,4,5,4,4,4,26
28,2,1,52.76544912,2,1,1,4,4,4,4,3,4,2,3,3,3,34,3,3,3,2,2,2,15,3,5,2,4,3,4,5,4,30,5,5,4,4,3,3,24,5,5,4,5,4,5,28
19,1,2,31.69286847,1,1,2,3,2,3,3,3,3,2,3,2,2,26,4,4,3,4,3,2,20,4,5,5,4,5,5,5,5,38,5,5,5,5,5,5,30,5,5,5,5,5,5,30
30,2,1,46.20093299,2,1,1,4,2,3,3,3,2,2,3,2,2,26,3,3,3,3,3,3,18,5,5,4,5,6,6,5,5,41,6,6,4,5,6,5,32,5,5,5,5,5,5,30
32,2,1,38.88910503,2,1,1,1,1,2,1,2,3,2,2,2,1,17,3,3,3,3,4,3,19,5,5,5,5,3,5,5,5,38,4,4,4,5,5,5,27,4,4,4,4,5,5,26
32,2,2,50.56921256,2,1,2,3,2,3,3,3,3,2,3,3,2,27,3,3,3,3,2,3,17,5,4,4,4,4,4,4,5,34,4,4,4,4,4,4,24,4,4,4,4,4,4,24
3,2,1,40.91061041,2,1,2,2,2,3,1,3,3,3,3,2,1,23,3,4,3,3,4,3,20,5,5,5,5,5,5,5,5,40,5,5,5,5,5,5,30,5,5,5,4,4,4,27
27,2,1,34.87566417,2,1,1,4,4,4,3,4,1,1,2,4,2,29,4,4,4,3,3,3,21,4,6,5,5,3,6,6,6,41,6,6,6,6,6,6,36,6,6,6,6,6,6,36
8,1,1,62.0745889,2,1,2,4,3,4,1,2,2,1,1,2,3,23,4,3,4,3,2,2,18,5,4,5,5,4,6,6,4,39,4,4,4,4,4,4,24,4,5,5,5,4,4,27
16,1,1,51.53964267,2,1,2,3,4,5,2,4,4,2,2,3,3,32,3,3,3,3,2,3,17,5,5,4,5,5,5,5,4,38,4,5,5,5,5,5,29,5,5,5,5,6,6,32
30,2,1,31.79233084,1,1,2,4,2,3,2,2,2,2,2,4,3,26,4,4,3,4,3,3,21,6,5,6,5,4,5,5,5,41,6,5,6,6,5,6,34,6,5,5,6,6,6,34
30,2,1,28.67405127,1,1,2,5,2,4,2,3,5,2,4,3,4,34,2,2,3,2,2,2,13,3,3,3,4,5,5,4,3,30,4,4,4,4,5,5,26,4,4,5,5,5,5,28
19,2,1,34.55845987,1,1,2,3,3,4,3,2,3,2,4,3,3,30,3,3,3,3,3,3,18,4,6,4,4,4,6,4,5,37,4,4,4,4,4,4,24,3,4,4,3,4,4,22
19,2,1,35.26544912,1,1,2,3,2,4,1,3,3,1,2,2,3,24,3,2,3,3,2,2,15,5,6,6,5,4,6,5,4,41,4,4,3,2,2,4,19,6,5,4,6,2,3,26
3,1,1,54.74932009,2,1,2,3,3,3,1,2,2,2,2,3,1,22,3,4,4,4,3,4,22,5,5,4,5,5,5,4,4,37,6,5,5,6,5,4,31,5,5,6,6,2,2,26
10,2,1,32.95362116,2,1,1,4,3,3,2,2,3,2,2,1,2,24,4,4,4,4,3,4,23,6,5,6,5,6,6,6,4,44,6,6,6,6,6,6,36,6,6,6,6,6,6,36
12,1,1,35.98050288,1,1,2,3,2,3,2,2,2,1,3,3,2,23,3,3,3,3,3,3,18,5,4,4,5,5,4,5,4,36,6,6,6,6,6,6,36,6,6,6,6,6,6,36
31,1,1,39.40523406,2,1,2,4,4,4,2,2,4,2,2,2,3,29,3,3,3,3,3,3,18,6,6,5,4,3,4,5,5,38,5,5,6,4,4,4,28,5,5,5,6,4,4,29
2,2,1,33.69824482,1,1,2,4,3,3,2,3,2,3,2,3,1,26,4,4,3,4,3,4,22,6,5,6,5,3,6,5,4,40,5,5,4,3,5,4,26,5,5,5,4,4,4,27
34,1,1,38.57727707,2,1,2,4,1,3,1,3,1,2,2,3,1,21,2,3,3,3,2,2,15,6,6,3,5,6,6,6,4,42,6,6,5,4,3,4,28,5,6,6,6,5,5,33
19,1,1,39.24394374,2,1,2,4,4,3,3,3,3,3,3,3,3,32,2,2,2,2,1,1,10,3,3,1,3,4,3,3,2,22,4,4,4,4,3,3,22,5,5,5,4,3,3,25
19,2,1,39.65792224,2,1,2,2,3,3,2,2,4,4,2,4,3,29,2,4,2,2,2,1,13,4,4,1,3,5,5,5,4,31,6,6,6,4,6,6,34,5,5,6,2,6,6,30
3,1,1,51.21437385,2,1,1,1,2,3,1,2,2,1,1,2,1,16,4,3,4,3,3,3,20,6,6,5,5,5,6,6,6,45,6,6,6,6,6,6,36,6,6,6,6,6,6,36
9,2,1,54.99663191,2,1,2,4,3,3,3,3,4,2,3,3,4,32,3,3,3,2,3,2,16,5,4,3,4,5,5,5,4,35,4,4,4,4,5,4,25,3,5,5,5,5,5,28
17,1,1,41.90792224,2,1,2,3,2,4,2,3,4,2,3,3,2,28,3,3,3,3,1,1,14,4,4,3,3,6,5,3,3,31,4,4,4,4,5,4,25,3,4,4,5,4,4,24
3,1,1,32.57190073,1,1,2,3,2,2,2,2,2,1,1,2,2,19,3,3,3,3,3,2,17,6,6,6,5,5,5,6,6,45,5,5,5,5,5,5,30,5,5,5,5,4,4,28
33,2,1,48.61491148,2,1,2,1,2,3,3,3,3,2,3,3,3,26,3,3,3,3,2,3,17,4,4,4,4,4,4,4,4,32,4,4,4,4,4,4,24,4,4,4,3,3,3,21
4,2,1,63.09340611,2,1,1,5,3,3,1,1,3,1,3,2,2,24,4,4,4,4,4,4,24,6,6,6,4,4,6,6,6,44,6,6,6,5,4,5,32,4,4,4,4,5,5,26
34,1,1,56.72781471,2,1,1,3,2,2,1,1,2,1,1,2,1,16,4,4,4,4,3,4,23,5,5,5,5,5,5,5,5,40,5,5,5,5,5,5,30,5,5,5,5,5,5,30
16,2,1,53.92673944,2,1,2,2,1,5,1,3,3,3,2,3,3,26,3,2,3,2,2,2,14,4,3,3,4,4,3,4,3,28,3,4,4,3,3,3,20,3,3,3,4,4,4,21
8,2,1,50.98319105,2,2,2,4,4,5,3,4,5,3,4,3,5,40,1,1,2,2,1,2,9,5,3,3,4,3,3,4,3,28,4,4,4,3,4,4,23,3,3,3,6,4,4,23
14,1,1,31.55308353,2,1,2,2,2,2,2,2,3,2,2,2,2,21,4,4,4,4,4,4,24,5,5,6,5,4,5,4,5,39,4,4,4,4,4,4,24,4,4,4,4,3,3,22
21,1,1,42.24663191,2,1,1,4,2,2,2,2,1,2,1,2,2,20,4,4,4,3,3,4,22,6,6,5,6,6,5,6,5,45,5,5,5,5,5,5,30,5,5,5,6,5,6,32
26,2,1,44.15254589,1,1,2,1,3,3,2,2,3,2,2,3,2,23,4,4,4,4,4,4,24,5,5,6,4,5,5,4,5,39,4,4,4,4,4,4,24,4,4,4,4,4,4,24
27,1,1,52.28426632,2,1,2,1,2,2,4,4,2,4,4,2,2,27,2,2,2,2,2,2,12,5,5,5,5,3,5,5,5,38,5,5,5,5,5,5,30,5,5,5,5,5,5,30
29,1,1,43.71706202,2,1,2,4,3,4,4,4,4,2,3,3,4,35,2,2,2,2,3,1,12,5,4,2,4,4,3,5,5,32,4,4,3,1,2,3,17,4,4,3,4,3,3,21
14,2,1,55.99932009,2,1,2,4,2,1,1,3,2,1,1,2,1,18,2,3,2,2,1,2,12,5,5,5,5,5,5,5,5,40,3,3,3,3,4,4,20,3,3,3,5,4,4,22
3,1,1,32.46706202,1,1,2,4,3,3,3,3,3,2,2,3,2,28,3,3,3,3,3,3,18,5,5,3,5,4,5,3,5,35,5,5,4,4,5,5,28,4,4,4,5,4,5,26
17,1,1,36.41666667,2,1,2,2,1,2,1,2,2,1,2,1,1,15,3,3,3,3,2,2,16,6,6,3,6,6,6,6,6,45,6,6,6,6,6,6,36,6,6,5,6,6,6,35
8,2,2,28.6417932,2,1,2,3,3,5,2,3,4,2,3,4,4,33,2,3,4,2,4,3,18,5,5,4,5,4,6,4,4,37,5,5,5,5,4,4,28,5,5,5,5,5,5,30
16,1,1,55.13641686,2,1,2,5,5,5,4,4,5,3,4,4,4,43,1,3,2,1,1,1,9,2,2,1,2,1,5,2,3,18,4,4,4,4,4,4,24,3,3,4,4,4,4,22
16,2,1,57.80308353,2,1,2,4,3,3,5,4,4,1,3,3,3,33,2,2,2,2,2,2,12,4,4,3,1,4,3,3,4,26,3,3,3,3,3,3,18,3,3,3,3,3,4,19
8,1,1,51.5745889,2,1,2,5,2,2,1,2,3,2,2,4,1,24,3,4,4,3,3,3,20,5,5,5,4,6,6,3,4,38,4,5,6,6,5,5,31,4,4,6,4,5,6,29
19,1,1,29.21168568,1,1,2,1,1,3,1,1,4,1,2,2,1,17,3,3,3,3,3,4,19,5,5,6,5,5,6,6,5,43,6,6,6,6,5,6,35,6,6,6,6,6,6,36
33,2,2,24.95630933,1,1,2,2,1,2,2,3,1,2,4,2,1,20,3,3,3,3,2,3,17,4,5,4,4,4,4,5,4,34,5,5,5,5,5,5,30,5,5,5,5,5,5,30
19,1,2,43.24663191,1,1,2,3,2,3,2,2,1,1,2,3,1,20,4,3,3,3,4,4,21,6,4,6,6,5,5,5,5,42,6,5,5,6,6,6,34,6,6,6,6,6,6,36
13,2,1,52.30308353,2,1,1,4,4,3,3,4,3,2,2,4,4,33,3,3,3,3,3,3,18,4,5,4,4,3,3,4,3,30,6,6,6,6,6,6,36,6,6,6,4,6,6,34
16,1,1,54.23050288,2,1,2,3,2,3,1,2,2,2,2,3,1,21,3,4,4,3,3,4,21,6,6,4,5,5,6,6,5,43,6,6,6,6,6,6,36,6,6,6,6,6,6,36
32,2,1,60.16061041,2,2,2,3,3,4,1,3,3,2,2,3,3,27,1,2,1,1,1,1,7,4,3,4,4,4,4,4,4,31,4,4,4,4,4,3,23,4,4,4,3,2,4,21
17,2,1,40.09340611,1,1,1,4,4,5,1,1,3,2,2,3,3,28,2,3,3,2,2,2,14,5,5,2,3,4,5,5,4,33,5,5,5,5,6,6,32,5,5,5,5,5,5,30
16,2,1,44.16666667,2,1,2,4,5,5,1,3,3,2,2,3,2,30,2,2,2,3,3,2,14,4,4,1,5,3,4,4,4,29,2,2,2,2,2,2,12,5,3,5,3,2,2,20
16,1,1,45.23050288,1,1,2,3,1,3,1,3,2,1,2,3,1,20,3,3,4,3,3,3,19,6,6,6,6,6,4,6,4,44,5,5,3,3,4,4,24,3,3,3,3,5,6,23
22,2,1,52.65254589,2,1,2,2,2,3,2,3,3,2,3,3,2,25,3,3,3,3,3,2,17,4,4,3,4,4,6,5,5,35,5,5,5,5,5,5,30,4,5,5,6,6,6,32
3,2,1,50.2385674,2,1,2,1,3,3,1,2,3,2,4,3,3,25,3,3,3,3,2,2,16,4,4,3,4,5,5,5,3,33,6,6,5,6,6,6,35,6,6,6,5,5,5,33
24,2,1,36.84071793,2,1,2,3,2,2,1,2,2,1,2,1,1,17,4,4,4,4,4,4,24,5,5,5,4,4,4,5,4,36,6,6,6,6,6,6,36,5,5,5,4,4,5,28
26,1,1,47.10684697,1,1,2,3,4,3,2,2,2,3,2,2,2,25,4,3,4,3,4,4,22,6,6,6,5,4,4,5,5,41,5,6,6,5,5,4,31,5,5,5,4,4,4,27
24,2,1,44.55845987,2,1,2,2,3,2,2,2,2,1,2,3,1,20,3,3,3,3,3,3,18,4,5,5,4,5,5,5,5,38,5,5,5,5,5,5,30,5,5,5,3,5,5,28
32,1,1,50.97781471,2,1,1,5,5,5,1,3,3,4,1,5,5,37,1,1,1,1,1,1,6,4,4,1,3,1,5,1,3,22,4,3,4,4,6,6,27,4,5,5,5,6,6,31
22,1,1,43.90523406,2,1,1,2,3,3,2,3,2,2,3,3,2,25,3,3,3,3,2,2,16,4,4,4,4,4,5,5,4,34,4,4,5,5,5,4,27,4,4,4,4,4,4,24
26,2,1,35.90523406,1,2,2,3,4,2,2,2,4,2,2,3,3,27,3,4,3,2,2,3,17,6,5,6,5,5,5,3,3,38,4,5,5,5,4,4,27,4,3,4,2,2,4,19
32,1,1,42.9401803,2,1,1,3,3,3,2,3,3,3,3,4,3,30,3,3,3,3,3,3,18,4,5,5,4,4,4,5,4,35,5,5,5,4,5,5,29,5,4,4,5,6,6,30
24,2,1,53.30308353,1,1,2,2,1,3,1,2,2,1,2,2,1,17,3,3,3,3,3,2,17,4,5,4,4,4,4,4,5,34,5,4,4,5,5,4,27,5,6,5,4,4,4,28
21,2,1,46.84071793,1,1,2,2,3,3,3,3,2,2,2,3,3,26,3,2,3,3,2,3,16,4,2,4,4,5,4,5,4,32,4,4,4,4,4,4,24,4,4,4,4,4,4,24
28,2,1,48.77351363,2,1,2,4,3,5,2,4,5,3,3,5,5,39,3,3,3,3,3,3,18,5,5,5,4,3,4,5,3,34,5,5,5,5,5,4,29,5,5,5,5,3,3,26
32,2,2,59.55039535,2,1,2,2,3,4,3,3,3,3,3,3,3,30,3,3,3,3,3,2,17,4,4,4,4,4,4,4,4,32,5,6,6,6,6,5,34,4,4,4,4,4,4,24
29,1,1,57.31652439,2,1,1,5,4,5,1,4,3,1,4,4,4,35,3,4,2,3,3,4,19,6,5,5,4,4,4,5,6,39,5,6,6,6,6,6,35,6,6,6,6,6,5,35
3,2,2,46.53964267,1,1,2,2,3,3,2,3,3,1,2,4,2,25,2,3,3,2,2,3,15,4,5,4,5,4,5,5,5,37,4,4,4,4,4,4,24,4,4,4,4,4,4,24
17,2,1,48.61491148,1,1,2,4,3,4,2,2,4,1,1,4,2,27,2,3,3,2,2,2,14,3,4,3,3,5,5,5,3,31,6,6,6,6,6,6,36,6,6,6,6,6,6,36
26,1,1,57.86222331,2,1,2,2,3,3,3,3,2,1,2,3,3,25,2,3,3,2,2,2,14,5,6,6,4,4,4,5,5,39,4,5,4,3,5,5,26,3,3,3,2,2,2,15
17,1,1,47.37566417,1,1,1,2,2,3,1,2,3,2,2,4,3,24,3,3,3,3,2,3,17,4,4,3,5,4,4,3,4,31,4,5,4,5,5,6,29,6,6,6,6,6,6,36
2,2,1,45.95362116,1,1,1,3,3,4,2,3,3,2,3,4,3,30,2,2,2,2,2,2,12,4,4,3,4,2,4,4,4,29,4,4,4,3,3,3,21,4,4,5,4,5,5,27
4,1,1,53.03426632,1,1,1,3,2,2,2,2,2,2,2,3,3,23,4,3,4,3,3,4,21,6,5,5,5,4,4,4,5,38,5,5,5,5,5,5,30,4,5,5,4,5,5,28
27,2,1,40.36759966,2,1,1,2,2,2,1,2,3,1,2,1,1,17,4,3,4,4,4,3,22,6,6,6,5,6,6,6,6,47,6,6,4,4,6,6,32,4,4,4,6,6,6,30
28,2,1,54.05039535,2,1,1,5,3,3,2,3,3,2,2,3,3,29,3,3,4,3,2,4,19,5,5,5,4,3,5,6,5,38,4,5,5,6,6,6,32,5,5,5,5,4,6,30
19,2,1,47.11222331,2,1,2,4,3,3,3,3,4,3,3,4,3,33,3,3,3,3,3,2,17,4,5,4,4,5,4,4,3,33,4,4,4,4,5,5,26,5,5,5,5,5,5,30
16,1,1,59.4401803,2,1,1,4,2,3,1,4,3,2,2,4,2,27,1,1,2,1,1,1,7,5,4,5,4,4,2,3,4,31,2,2,2,2,2,2,12,4,4,4,5,2,4,23
28,2,2,48.73050288,1,1,2,3,3,3,2,2,3,2,4,3,2,27,2,2,2,2,2,2,12,4,5,4,5,3,4,5,4,34,4,4,5,3,5,4,25,4,4,4,4,4,3,23
18,2,1,36.34609428,1,1,2,4,3,3,3,3,4,2,3,4,4,33,1,2,2,1,1,1,8,3,2,2,1,2,5,2,3,20,3,4,4,1,4,4,20,1,1,1,3,4,4,14
29,2,1,54.85147062,2,1,2,4,4,5,2,3,1,3,3,5,4,34,3,2,3,2,3,2,15,4,3,3,5,4,5,6,3,33,5,5,4,4,4,5,27,4,4,4,6,5,5,28
24,2,1,39.96706202,1,1,2,4,3,3,2,2,4,2,3,3,3,29,4,4,3,3,4,3,21,5,5,5,4,2,5,5,5,36,5,5,5,5,5,5,30,5,5,5,5,5,5,30
9,1,1,53.39448138,2,1,2,1,1,3,1,2,1,1,1,2,1,14,3,3,3,3,2,2,16,4,5,2,5,4,4,5,5,34,5,5,5,6,5,5,31,5,5,5,4,5,6,30
17,1,1,36.43211578,1,1,2,1,1,2,2,2,4,2,2,3,1,20,3,3,3,3,4,3,19,5,5,5,5,5,5,5,4,39,5,5,5,5,5,5,30,6,6,6,6,6,6,36
18,2,1,32.42942761,1,1,2,1,1,3,2,3,1,3,4,3,2,23,2,2,3,2,2,2,13,4,5,4,4,5,5,5,5,37,4,4,3,2,4,4,21,4,4,4,4,4,3,23
3,2,2,54.21706202,2,1,2,4,2,4,2,2,1,2,2,1,1,21,3,3,3,3,3,3,18,4,4,3,4,3,5,5,3,31,6,6,5,5,5,5,32,5,5,5,5,5,5,30
24,1,1,56.80039535,2,1,2,2,3,3,2,2,3,2,1,3,1,22,3,3,3,3,4,3,19,5,5,5,5,5,5,5,5,40,5,5,5,5,5,5,30,5,5,5,5,4,4,28
22,1,1,51.12028783,2,1,1,3,3,3,2,3,3,2,2,2,2,25,4,3,3,3,3,3,19,5,5,4,4,5,6,5,5,39,6,6,6,6,6,6,36,5,5,5,6,6,5,32
19,1,1,42.55308353,1,1,2,5,3,3,4,5,2,2,4,3,1,32,1,2,2,2,1,2,10,6,4,4,5,5,5,5,3,37,5,5,5,2,5,6,28,5,5,5,5,5,5,30
17,2,1,54.3917932,2,1,2,5,4,5,2,4,5,3,3,4,4,39,2,2,2,1,1,2,10,4,4,3,3,3,4,4,4,29,4,4,4,3,6,5,26,3,3,3,4,6,3,22
17,2,1,57.94286847,2,1,2,5,4,5,2,3,4,2,2,4,3,34,3,3,3,3,2,2,16,4,4,4,3,3,4,4,4,30,5,6,5,4,6,6,32,5,4,4,5,5,5,28
28,2,1,35.11491148,1,1,2,1,1,3,1,1,2,1,2,1,1,14,4,4,4,4,4,3,23,6,6,6,5,4,6,5,5,43,6,5,5,5,6,6,33,5,5,5,5,4,4,28
32,2,1,57.10684697,2,1,2,3,5,5,3,3,5,1,3,3,2,33,4,3,4,3,3,3,20,4,4,4,4,5,3,5,5,34,4,5,5,4,4,4,26,5,5,4,6,2,1,23
28,2,1,50.39985772,2,1,2,5,4,4,3,4,3,2,3,4,3,35,3,2,2,2,2,3,14,5,4,2,3,2,6,4,3,29,4,6,4,3,4,4,25,5,3,5,5,2,3,23
10,2,1,41.622976,2,1,1,3,3,3,3,1,1,1,1,2,2,20,4,4,4,3,2,3,20,6,4,4,5,6,5,6,6,42,6,5,6,6,6,6,35,6,6,6,6,6,6,36
11,2,1,44.4213631,1,2,2,4,3,3,2,3,3,3,2,3,3,29,3,3,3,2,2,3,16,4,5,4,4,3,3,4,4,31,3,4,3,3,4,3,20,3,4,3,4,3,4,21
4,1,1,46.84609428,2,1,1,4,3,3,3,4,1,2,2,3,3,28,3,2,3,2,3,3,16,5,4,2,4,5,3,4,4,31,5,5,5,4,4,4,27,5,5,5,4,3,3,25
4,1,1,51.64448138,1,1,1,4,2,2,1,1,3,1,1,2,2,19,4,4,4,4,4,4,24,5,4,5,4,3,5,5,5,36,4,4,5,5,5,5,28,5,4,5,5,5,5,29
26,1,1,35.60684697,1,1,2,4,3,3,2,3,3,3,3,3,3,30,3,3,3,3,4,3,19,5,4,5,4,5,5,5,4,37,4,4,4,5,5,5,27,5,5,5,5,6,6,32
13,1,1,57.50469643,2,1,2,3,2,3,3,3,3,2,2,3,3,27,3,3,3,3,3,3,18,4,4,4,4,4,4,4,4,32,4,4,4,4,4,4,24,4,4,4,4,4,4,24
22,2,1,34.52351363,1,1,1,5,3,3,3,3,3,2,2,3,2,29,3,3,2,3,3,3,17,5,5,4,4,4,4,4,4,34,4,4,4,3,4,3,22,3,3,4,4,3,4,21
4,1,1,54.97781471,1,1,1,3,3,3,2,3,1,1,2,4,1,23,3,2,3,2,2,2,14,5,4,3,6,5,6,6,6,41,3,3,3,3,4,2,18,2,4,4,1,2,3,16
30,1,1,57.52082546,2,1,1,2,2,2,1,1,2,1,1,2,2,16,4,4,4,4,3,3,22,6,5,4,4,5,5,5,5,39,6,5,5,5,5,5,31,5,5,5,5,5,5,30
25,2,1,58.33802976,2,1,2,2,3,3,3,4,4,3,3,4,3,32,3,3,3,3,3,2,17,4,5,3,4,4,4,3,4,31,4,4,4,3,5,5,25,5,3,4,2,4,4,22
6,1,1,28.59878245,1,1,2,3,2,2,2,2,3,1,2,2,2,21,3,3,3,3,4,3,19,5,6,5,6,6,5,4,4,41,6,5,5,5,5,5,31,5,5,5,5,5,5,30
33,1,1,49.02082546,1,1,1,2,1,2,3,1,1,5,5,1,1,22,3,3,3,3,3,3,18,5,5,5,5,5,5,5,5,40,4,4,4,4,5,5,26,4,3,3,4,4,4,22
2,2,1,57.95093299,2,1,2,4,4,4,3,5,3,1,3,5,5,37,1,3,2,2,1,1,10,5,6,1,5,5,5,4,5,36,1,2,2,2,2,1,10,2,2,4,1,3,3,15
29,1,1,52.0557717,2,1,1,5,3,3,2,4,3,2,3,3,2,30,2,2,3,2,2,2,13,5,4,4,4,2,4,4,5,32,4,4,4,4,4,4,24,4,4,4,4,4,4,24
10,2,2,25.49932009,2,1,2,3,3,5,4,3,5,1,5,4,4,37,3,4,4,3,2,3,19,5,3,5,4,5,6,6,4,38,6,6,6,6,6,6,36,6,6,6,6,6,4,34
9,2,1,45.97243836,2,1,2,5,3,4,2,3,2,3,3,3,4,32,3,2,3,2,2,2,14,6,6,4,6,6,6,6,6,46,5,6,6,6,6,6,35,6,6,6,6,6,6,36
9,2,1,55.14985772,2,1,1,4,3,5,1,2,5,1,3,3,5,32,3,3,3,3,2,2,16,4,4,3,4,3,5,4,4,31,5,4,6,5,6,5,31,5,4,5,6,6,6,32
28,2,1,30.75,2,1,2,4,3,4,2,4,4,1,4,3,1,30,2,3,3,1,1,2,12,6,4,5,5,4,6,5,4,39,3,4,3,2,6,3,21,2,4,4,2,4,3,19
4,2,1,56.91666667,1,1,1,4,2,3,1,2,3,2,2,3,2,24,3,3,3,3,2,3,17,6,5,4,6,4,5,4,5,39,5,6,6,5,5,5,32,4,3,4,5,5,5,26
3,1,1,61.77620181,2,1,2,2,3,3,2,2,2,2,3,4,2,25,3,3,3,3,3,3,18,5,5,5,5,5,5,5,5,40,4,4,4,3,4,4,23,3,4,4,4,4,4,23
29,2,1,52.04501901,2,1,2,2,2,2,4,2,2,2,2,2,2,22,3,3,3,3,3,3,18,4,4,4,4,4,4,4,4,32,4,4,4,4,4,4,24,4,4,4,4,4,4,24
2,2,1,41.04501901,2,1,1,5,5,5,5,5,5,3,2,5,5,45,1,1,2,1,1,2,8,3,3,1,3,2,4,4,2,22,4,5,5,5,5,5,29,5,4,4,6,6,6,31
29,1,1,47.02888998,2,1,2,3,3,3,3,2,3,2,3,2,2,26,3,3,3,3,2,2,16,4,4,4,5,5,4,5,4,35,2,3,3,2,5,3,18,4,4,4,5,2,1,20
8,2,1,54.04770718,2,1,2,5,2,4,2,2,3,2,2,3,3,28,3,3,3,3,3,3,18,4,6,6,6,3,5,5,5,40,6,4,3,4,4,3,24,5,6,6,4,2,2,25
16,2,1,47.43480396,2,1,2,4,3,3,2,3,3,3,3,3,2,29,3,3,3,3,3,3,18,5,6,5,5,3,6,5,4,39,4,4,4,3,4,4,23,3,3,3,4,4,4,21
18,1,1,48.61491148,1,1,1,2,2,2,2,2,1,1,2,2,2,18,3,3,3,3,2,2,16,5,6,4,6,6,6,6,6,45,6,6,6,6,6,6,36,6,6,6,6,6,6,36
19,1,1,38.51544912,2,1,2,4,4,4,1,4,3,1,2,5,1,29,2,2,3,3,2,3,15,6,6,4,6,6,6,6,5,45,5,6,6,4,5,6,32,6,5,5,5,4,4,29
23,2,1,42.36491148,1,1,2,1,1,2,1,1,1,1,1,1,1,11,4,4,4,4,4,4,24,6,6,6,6,4,6,5,6,45,6,5,5,4,5,5,30,5,5,5,6,6,6,33
3,1,1,56.53964267,2,1,2,3,1,5,1,5,3,3,3,3,3,30,1,1,1,1,1,1,6,3,4,1,3,4,2,4,3,24,4,4,3,3,3,3,20,4,4,4,2,1,1,16
3,2,1,40.47781471,2,1,2,4,4,4,3,3,5,2,3,4,3,35,3,3,3,3,2,2,16,3,4,3,3,3,3,4,4,27,4,2,4,4,3,2,19,4,4,4,4,2,5,23
30,1,1,37.43211578,2,1,2,3,3,2,2,2,2,2,2,3,2,23,3,3,3,3,2,3,17,4,4,4,4,5,5,4,4,34,5,4,4,5,5,5,28,4,4,5,5,6,6,30
20,2,1,33.36491148,1,1,2,4,3,4,1,2,2,2,1,3,1,23,4,4,4,3,4,4,23,5,4,5,4,5,4,4,4,35,6,6,6,5,5,5,33,5,3,5,5,5,5,28
6,1,1,50.09609428,1,1,1,3,3,3,1,1,2,1,2,3,2,21,4,4,4,4,4,4,24,5,5,5,4,5,5,5,5,39,5,5,5,5,5,5,30,5,5,5,3,5,5,28
20,2,1,44.36491148,1,1,2,3,2,3,1,2,2,2,2,3,2,22,2,2,2,2,2,2,12,6,4,4,4,5,5,5,5,38,4,4,4,4,4,4,24,4,4,4,4,3,3,22
33,2,1,39.29501901,2,1,2,4,2,5,1,2,1,3,2,2,1,23,3,3,3,3,1,3,16,5,5,4,4,3,4,2,4,31,4,5,4,5,5,6,29,5,5,5,4,4,5,28
33,2,1,54.86491148,2,1,2,5,3,3,2,2,3,2,2,3,3,28,3,3,3,3,2,2,16,4,4,3,4,4,5,5,5,34,5,5,5,4,5,4,28,4,4,4,3,3,4,22
33,1,1,51.29770718,2,1,2,4,2,3,2,2,2,2,2,1,1,21,3,3,3,3,3,4,19,6,6,6,6,5,6,6,6,47,6,6,6,5,6,6,35,6,6,6,6,6,6,36
26,1,1,49.68480396,1,1,1,3,3,3,1,1,1,1,1,1,1,16,4,4,4,4,4,4,24,4,6,6,4,3,5,6,6,40,6,5,6,5,6,4,32,5,5,5,4,4,4,27
13,2,1,35.35147062,2,1,2,4,3,4,2,2,3,1,2,3,1,25,4,3,4,3,4,4,22,5,5,6,4,4,6,3,5,38,6,6,6,6,6,6,36,5,6,5,5,6,6,33
19,2,2,43.53426632,2,2,2,3,3,3,2,2,3,2,3,2,3,26,4,4,3,3,2,3,19,4,4,4,4,5,3,4,4,32,5,5,5,5,5,5,30,5,5,5,5,5,5,30
16,2,1,57.43480396,2,1,2,4,4,4,3,3,4,3,3,4,3,35,3,3,3,3,3,2,17,4,4,3,4,4,4,4,4,31,4,4,4,4,4,4,24,4,4,4,6,6,6,30
28,2,1,35.46437385,1,1,2,4,2,3,2,2,3,1,2,3,1,23,3,3,3,3,3,3,18,4,4,5,4,4,6,4,4,35,4,4,3,4,4,4,23,4,4,4,3,4,4,23
17,1,1,46.05308353,1,1,2,4,4,4,2,3,3,3,2,4,4,33,3,3,4,3,3,3,19,4,4,5,4,5,3,5,4,34,5,4,4,4,4,5,26,5,5,5,5,4,4,28
19,1,1,41.92673944,2,1,1,5,3,3,2,2,2,2,2,3,2,26,3,3,3,4,4,4,21,5,5,5,5,4,4,4,5,37,4,4,5,4,4,4,25,5,5,4,5,4,5,28
27,1,1,49.70362116,2,1,2,3,3,5,1,2,3,3,3,3,3,29,2,2,2,2,1,2,11,4,5,2,4,4,4,2,3,28,3,2,3,2,4,2,16,3,3,3,4,4,3,20
26,2,1,44.872976,2,1,1,4,4,5,2,3,4,3,2,4,3,34,4,3,3,3,2,3,18,4,4,3,3,2,3,2,4,25,4,4,4,4,4,4,24,4,4,4,4,4,4,24
3,1,1,39.42942761,2,1,2,2,2,3,2,2,1,1,1,1,1,16,3,3,3,3,3,2,17,6,5,4,5,5,4,5,5,39,4,4,4,4,4,4,24,4,4,4,4,4,4,24
30,2,1,54.9589975,2,1,2,3,4,4,3,4,2,3,2,3,2,30,2,2,3,2,2,3,14,3,5,1,4,5,4,2,2,26,4,4,4,4,4,4,24,4,4,4,5,3,4,24
3,2,1,44.95362116,2,1,1,3,2,3,1,2,3,2,2,3,2,23,4,3,3,3,3,4,20,5,5,5,5,5,5,5,5,40,5,5,5,5,5,5,30,5,5,5,5,4,3,27
16,1,1,45.20630933,2,1,1,4,2,3,1,2,1,1,2,2,1,19,4,4,4,3,3,3,21,6,6,5,6,4,6,6,6,45,4,4,5,5,6,6,30,5,4,5,5,6,6,31
4,2,1,48.91329858,1,1,1,5,2,3,2,2,2,2,2,3,2,25,3,3,3,3,3,3,18,5,5,5,4,1,5,5,5,35,5,5,5,5,5,5,30,5,5,5,6,5,5,31
3,1,1,59.3917932,2,1,1,3,3,3,2,2,3,1,1,2,3,23,3,3,3,3,2,3,17,6,6,4,5,3,4,5,6,39,5,5,6,5,6,5,32,5,5,5,6,4,4,29
9,1,1,50.11222331,2,1,2,4,3,5,4,3,3,3,3,3,2,33,3,3,3,3,4,4,20,3,3,4,5,6,5,5,4,35,5,5,6,6,5,6,33,6,6,6,5,4,6,33
25,2,1,56.1713631,2,1,1,3,3,3,2,2,4,1,2,3,1,24,4,4,4,4,3,3,22,5,4,5,4,4,5,4,5,36,5,5,4,5,5,6,30,4,5,4,5,5,5,28
19,2,1,33.35684697,1,1,2,2,3,3,2,3,4,1,5,4,3,30,3,3,3,3,1,2,15,4,4,2,4,4,5,4,4,31,5,5,5,5,5,5,30,5,5,5,5,5,5,30
19,1,1,32.13372869,1,1,2,2,2,2,2,3,2,2,2,2,2,21,3,3,3,3,3,3,18,4,4,4,4,4,4,4,4,32,4,4,4,4,4,4,24,4,4,4,4,4,4,24
30,2,1,41.49932009,2,2,1,3,3,4,3,3,3,3,3,3,3,31,2,2,2,2,2,2,12,4,4,3,4,3,4,4,3,29,4,5,4,3,5,4,25,4,4,4,4,4,5,25
16,2,1,36.94286847,1,1,2,4,3,4,3,3,4,2,4,4,4,35,2,2,3,2,2,2,13,4,4,2,5,4,5,4,4,32,4,4,4,4,5,5,26,4,4,4,4,5,4,25
29,1,1,52.2385674,2,1,2,5,3,3,2,3,4,1,4,3,4,32,3,3,3,3,2,2,16,5,6,4,4,3,5,5,5,37,5,5,4,4,4,4,26,4,5,6,6,4,3,28
15,2,1,49.65523406,2,1,2,4,5,5,3,4,1,3,5,5,5,40,1,1,1,1,1,1,6,4,4,1,4,3,5,5,4,30,4,4,3,2,4,4,21,4,4,4,4,4,4,24
33,1,2,40.13910503,1,1,2,3,3,3,3,2,2,2,2,2,2,24,4,3,3,3,3,4,20,6,6,5,4,4,4,5,5,39,5,5,4,5,4,5,28,5,5,5,5,5,5,30
14,2,2,43.36491148,2,1,2,4,3,3,3,3,4,3,3,4,4,34,2,3,2,3,3,3,16,3,2,4,4,3,5,5,4,30,4,4,4,3,4,4,23,4,4,4,3,3,3,21
4,2,1,58.79501901,2,1,2,4,3,3,2,3,3,2,3,3,2,28,3,3,3,3,2,2,16,4,4,4,4,4,4,4,4,32,4,4,4,4,4,4,24,4,4,4,4,4,4,24
17,2,1,50.82727707,2,1,1,5,1,3,2,2,3,2,3,2,1,24,2,3,3,3,1,2,14,4,4,3,3,3,4,5,3,29,4,4,4,4,5,5,26,5,4,4,6,6,6,31
12,2,1,44.49663191,1,1,2,1,1,1,2,2,2,2,2,3,1,17,3,3,3,3,3,2,17,6,6,6,5,5,6,5,5,44,6,6,5,5,5,6,33,6,6,6,6,4,6,34
12,2,1,56.85684697,2,1,2,2,2,2,1,2,3,1,2,3,2,20,3,3,4,3,2,3,18,5,5,5,4,4,5,5,4,37,5,5,5,5,6,6,32,6,6,6,6,6,6,36
19,1,1,25.23587923,1,1,2,3,1,3,3,2,2,2,2,2,1,21,3,4,3,3,3,1,17,5,5,6,5,3,4,5,6,39,6,5,5,4,6,6,32,5,5,5,3,5,5,28
24,2,1,47.28426632,1,1,1,5,2,3,1,2,3,1,2,2,1,22,4,4,4,4,3,4,23,6,6,6,5,4,5,5,6,43,5,5,5,5,6,6,32,5,4,4,5,4,4,26
23,2,2,48.08333333,2,1,2,4,2,5,1,4,5,1,2,4,3,31,3,4,3,2,3,2,17,4,5,2,3,3,6,6,2,31,5,5,5,5,4,5,29,5,5,5,5,6,5,31
14,1,1,55.1041588,2,1,2,3,4,3,3,4,4,1,3,4,4,33,2,2,2,3,4,1,14,5,2,4,4,3,4,5,5,32,4,3,4,2,4,4,21,4,4,3,4,3,4,22
18,2,1,34.47512654,1,1,2,4,4,4,3,4,5,2,4,5,4,39,3,3,3,2,1,2,14,3,5,3,5,3,4,2,2,27,4,4,4,4,4,4,24,3,3,3,4,4,4,21
2,2,2,48.76007277,2,1,2,3,3,4,3,3,3,3,3,3,3,31,3,3,3,3,2,2,16,3,4,2,3,4,4,4,4,28,4,4,4,4,4,4,24,4,4,4,4,4,3,23
15,2,2,49.54233084,2,1,2,3,2,4,2,3,2,2,3,4,3,28,3,3,3,3,3,3,18,6,4,4,6,3,4,5,3,35,3,2,2,2,4,3,16,2,3,2,4,2,4,17
2,1,2,54.52620181,1,1,2,3,1,1,1,1,1,1,1,1,1,12,4,4,4,4,4,4,24,6,6,4,6,6,6,6,6,46,6,6,6,6,6,6,36,6,6,6,5,6,6,35
7,2,1,55.34340611,2,1,2,3,2,2,1,2,5,1,2,2,2,22,3,3,3,3,3,3,18,4,4,4,4,4,4,4,4,32,4,4,4,4,4,4,24,4,4,4,4,4,4,24
4,2,1,37.7089975,1,1,2,3,3,4,2,3,3,2,4,3,2,29,2,2,3,3,2,2,14,3,3,3,4,4,5,5,4,31,4,4,5,3,4,5,25,4,5,4,5,4,4,26
27,1,1,47.9589975,1,1,1,4,2,2,1,1,3,1,1,2,1,18,3,3,3,3,3,3,18,6,5,4,6,5,5,5,5,41,4,4,4,4,4,4,24,4,5,5,6,4,4,28
21,1,1,30.85684697,1,1,2,2,3,4,2,2,2,1,2,3,1,22,4,4,4,4,4,4,24,6,6,6,5,6,6,4,6,45,6,6,6,6,6,6,36,6,6,6,6,6,6,36
1,2,1,35.46706202,1,1,2,2,4,4,4,3,4,3,3,4,3,34,2,3,3,3,2,2,15,4,4,4,3,4,3,4,2,28,4,4,4,4,4,4,24,4,4,4,4,4,3,23
33,1,1,55.42942761,2,1,1,2,2,4,1,2,3,2,2,3,2,23,3,4,4,4,3,3,21,6,5,6,5,4,5,6,4,41,5,5,6,6,6,6,34,6,6,6,6,6,5,35
11,1,1,34.23050288,1,1,2,4,3,4,2,2,3,2,2,3,3,28,3,3,3,3,2,2,16,5,5,4,4,3,4,3,5,33,3,4,3,2,5,3,20,3,4,4,5,3,4,23
3,2,1,39.58333333,2,1,2,3,2,3,3,2,2,4,2,2,2,25,3,3,3,3,3,3,18,5,5,4,4,2,5,4,5,34,5,5,5,5,6,5,31,5,5,5,6,5,4,30
21,2,1,35.86491148,1,1,2,3,4,4,1,3,3,1,2,4,3,28,2,3,3,3,3,3,17,5,5,5,5,4,5,5,5,39,5,5,5,5,5,5,30,5,5,4,4,4,5,27
29,1,1,54.02888998,2,1,1,3,4,4,2,2,3,3,2,3,3,29,3,3,3,3,3,3,18,6,6,6,5,5,6,5,5,44,4,4,4,5,5,5,27,4,4,4,4,4,4,24
23,2,1,55.31114804,2,1,2,3,2,4,1,3,3,1,4,3,3,27,3,3,3,3,3,3,18,4,5,5,4,3,6,4,4,35,4,4,4,3,4,4,23,4,4,4,4,4,4,24
8,1,1,55.4213631,2,1,1,4,4,5,2,3,3,2,2,4,4,33,3,3,3,2,2,3,16,4,2,3,4,2,4,4,4,27,4,4,4,4,5,4,25,4,4,4,5,5,5,27
28,2,1,47.30308353,1,1,1,4,3,3,3,3,4,2,2,3,3,30,4,3,3,3,3,4,20,4,5,4,4,3,5,4,4,33,5,5,5,4,5,5,29,5,4,5,5,5,5,29
14,2,1,59.01813729,2,1,1,4,3,4,2,3,2,1,2,2,1,24,3,3,3,3,3,2,17,3,4,3,4,2,3,4,4,27,4,4,4,5,5,6,28,6,6,6,5,6,6,35
2,1,1,38.47243836,2,1,2,3,4,4,3,3,5,2,3,3,3,33,1,1,1,1,1,1,6,3,4,2,4,5,4,2,3,27,2,3,3,4,2,4,18,5,5,5,5,4,5,29
8,2,2,44.26276095,2,1,2,4,4,4,3,3,4,3,3,3,3,34,3,3,3,3,4,3,19,5,4,3,4,3,4,4,4,31,4,5,5,4,5,5,28,4,5,5,5,6,6,31
30,2,1,44.96168568,2,2,2,3,2,3,2,3,4,3,3,3,2,28,3,3,3,3,2,2,16,4,4,3,4,4,4,5,4,32,4,4,5,4,4,4,25,5,4,4,3,4,4,24
8,2,1,47.41598675,2,1,2,5,4,5,2,2,5,2,2,5,4,36,3,3,3,2,2,2,15,3,4,1,4,5,4,3,2,26,4,5,5,5,5,4,28,3,3,5,5,3,3,22
22,1,2,31.25469643,2,1,2,3,2,3,2,3,2,2,2,4,2,25,3,3,3,3,2,3,17,5,5,4,4,4,4,5,4,35,5,5,5,5,5,5,30,3,4,4,4,5,5,25
13,1,1,53.67405127,1,1,1,1,2,2,1,2,1,1,4,1,1,16,3,3,4,3,4,3,20,6,5,4,5,5,5,6,6,42,6,5,6,5,6,6,34,6,6,6,5,6,6,35
8,2,1,53.50469643,2,1,2,4,3,4,2,2,2,2,2,2,1,24,3,3,3,3,3,3,18,6,6,6,6,6,5,5,3,43,3,3,3,1,1,1,12,4,4,4,5,1,1,19
20,2,1,38.24932009,1,1,1,4,2,2,2,1,2,1,2,2,2,20,4,4,4,4,4,4,24,5,5,5,5,4,5,5,6,40,5,5,5,5,5,5,30,6,6,6,5,5,5,33
20,2,1,53.74932009,2,1,2,3,3,3,2,3,3,2,2,3,2,26,3,3,3,3,3,3,18,4,4,2,4,3,5,4,4,30,4,4,4,4,4,4,24,4,4,4,4,4,4,24
8,1,1,51.9589975,2,1,1,3,2,3,2,4,3,2,2,3,2,26,3,3,3,2,3,1,15,4,4,5,4,5,4,5,4,35,3,4,3,4,4,4,22,3,2,2,3,4,4,18
2,2,1,38.03426632,2,1,1,5,5,5,5,4,5,2,5,5,5,46,1,2,2,2,1,2,10,2,2,2,2,4,2,5,4,23,5,4,5,5,6,6,31,5,4,4,6,5,6,30
31,2,1,60.05308353,2,1,2,3,2,3,1,2,3,2,1,3,3,23,3,3,3,3,3,3,18,6,5,6,5,5,6,6,5,44,6,6,5,6,6,6,35,6,6,6,5,6,6,35
30,2,1,45.47512654,2,1,1,3,3,5,2,3,3,4,3,4,3,33,2,2,2,3,2,2,13,3,3,2,3,3,3,4,3,24,4,4,4,2,3,3,20,5,5,5,6,6,6,33
8,1,1,33.89985772,2,1,2,1,1,3,2,2,4,1,2,3,3,22,3,3,3,3,3,4,19,6,6,6,6,6,5,5,5,45,6,6,5,5,6,6,34,5,6,6,6,6,6,35
15,2,1,50.05039535,2,1,2,5,3,4,2,3,4,2,3,3,3,32,3,3,3,3,3,2,17,6,5,3,4,5,5,4,5,37,4,4,4,4,4,3,23,5,4,4,6,4,6,29
28,2,1,32.0557717,1,1,2,4,3,3,2,1,4,2,3,3,2,27,4,4,3,3,4,3,21,6,5,5,4,4,6,6,4,40,5,6,5,6,5,3,30,4,4,4,5,3,4,24
5,2,1,40.45093299,1,1,2,3,3,3,2,2,2,1,2,3,2,23,3,3,2,3,2,2,15,6,6,5,4,4,4,5,6,40,5,5,5,5,5,5,30,5,5,5,6,6,6,33
23,2,1,27.83802976,2,1,2,3,3,3,2,4,4,3,4,5,4,35,3,2,3,2,2,3,15,5,3,4,3,4,5,4,3,31,4,4,4,3,3,3,21,4,4,4,5,4,4,25
34,2,1,57.22781471,2,1,2,3,3,4,2,3,3,2,2,3,3,28,3,3,3,3,1,3,16,5,4,4,4,4,5,4,4,34,4,4,4,4,4,4,24,3,4,5,6,4,4,26
33,2,1,34.17673944,1,1,2,3,2,3,2,2,3,2,2,2,1,22,4,3,3,3,4,4,21,5,4,5,5,4,5,4,4,36,4,4,4,4,4,4,24,4,4,4,4,4,4,24
2,2,1,55.40792224,2,2,2,3,4,4,4,4,5,3,4,5,5,41,2,3,3,2,3,3,16,4,4,5,2,2,2,5,4,28,4,4,4,3,6,5,26,5,5,5,6,5,5,31
14,2,1,37.08802976,2,1,2,1,1,2,1,1,3,2,2,2,1,16,3,3,3,3,2,2,16,5,4,3,4,6,6,6,5,39,5,6,6,6,5,6,34,6,6,6,6,6,5,35
14,1,1,56.05039535,2,1,2,5,5,5,2,4,5,2,3,5,4,40,3,2,3,2,1,1,12,5,2,1,5,4,5,4,3,29,2,3,4,1,4,3,17,5,2,2,6,1,3,19
3,2,1,51.01007277,2,1,2,1,3,3,5,3,2,2,2,3,3,27,3,3,3,3,2,3,17,5,4,3,4,5,3,3,4,31,5,5,5,5,5,5,30,5,5,5,4,3,5,27
10,2,2,37.6713631,2,1,2,2,2,3,2,4,3,3,3,4,3,29,3,3,3,3,3,2,17,5,5,3,4,4,5,5,4,35,6,6,6,6,6,6,36,6,5,6,6,6,6,35
17,2,1,48.25,1,1,2,1,2,3,2,3,1,3,3,1,1,20,3,3,3,2,2,2,15,4,4,3,4,5,4,2,3,29,4,5,5,4,5,5,28,5,5,5,4,5,5,29
16,2,1,43.28426632,2,1,1,5,5,5,2,4,4,2,3,5,3,38,3,2,3,2,2,3,15,6,5,3,3,1,4,4,4,30,3,3,4,3,4,4,21,4,4,4,5,5,6,28
14,2,1,39.70630933,2,1,2,4,4,5,5,5,3,4,2,2,3,37,4,3,4,4,2,3,20,4,4,3,6,1,4,4,1,27,3,3,3,3,4,4,20,4,4,3,6,1,1,19
3,1,1,42.09340611,1,1,2,3,2,2,2,3,2,2,2,2,2,22,3,3,3,3,3,3,18,4,5,4,4,4,5,5,5,36,4,4,5,4,4,4,25,4,4,4,4,4,3,23
5,2,1,30.85684697,1,1,2,4,4,4,2,3,3,3,4,4,4,35,3,4,4,4,2,3,20,5,5,4,5,3,4,5,4,35,5,5,6,4,6,6,32,6,6,6,3,4,4,29
26,2,1,35.58333333,1,1,2,3,2,2,3,3,4,1,2,3,1,24,2,4,3,3,2,3,17,6,5,6,5,6,6,6,5,45,6,5,5,4,6,6,32,6,5,5,4,5,5,30
33,1,1,38.60147062,2,2,1,3,2,2,1,1,1,4,3,1,1,19,3,3,3,3,2,3,17,5,5,5,5,5,5,5,5,40,5,5,5,5,5,6,31,5,6,5,6,6,6,34
26,1,1,54.59878245,1,1,1,3,2,4,2,3,5,2,2,4,3,30,3,3,2,2,2,2,14,5,4,4,5,5,4,5,6,38,5,5,5,5,6,5,31,5,5,5,6,5,5,31
33,2,1,58.79233084,2,1,1,3,4,5,3,3,3,2,2,3,3,31,4,3,3,3,3,3,19,5,4,3,4,3,5,4,4,32,4,4,4,4,4,4,24,4,4,4,4,4,4,24
26,2,1,53.23319105,1,1,1,3,4,4,2,3,2,1,1,4,2,26,4,3,3,3,3,3,19,6,5,5,5,6,5,5,4,41,5,5,5,5,5,6,31,6,6,5,5,6,6,34
32,2,1,44.14448138,2,1,2,3,3,4,3,3,3,2,3,3,3,30,2,2,2,2,2,2,12,5,4,2,4,4,3,4,5,31,3,4,3,3,3,2,18,5,4,4,4,2,2,21
7,2,1,41.06652439,2,1,1,5,4,4,2,3,3,2,3,3,3,32,3,3,3,3,3,3,18,6,6,5,5,3,5,6,5,41,5,5,5,5,5,5,30,4,3,3,5,5,5,25
29,1,1,44.71975019,2,1,1,4,2,3,1,4,4,1,2,5,1,27,3,2,3,3,1,1,13,6,5,1,6,4,4,5,5,36,4,5,5,5,2,6,27,4,5,5,5,3,3,25
33,2,1,47.00469643,2,1,2,4,4,4,1,3,4,2,3,4,3,32,3,3,3,3,3,3,18,6,6,5,5,3,5,6,6,42,5,5,5,4,5,5,29,5,5,5,5,4,4,28
24,2,1,41.9885674,2,2,1,5,5,5,3,3,5,3,4,3,4,40,3,3,3,3,3,3,18,3,3,3,3,2,1,5,3,23,4,4,4,4,4,3,23,4,3,3,3,4,4,21
8,1,1,51.13104052,2,1,2,4,2,4,2,3,5,1,3,4,4,32,3,3,3,3,2,2,16,4,4,4,3,3,5,5,4,32,3,3,3,3,4,3,19,4,4,3,4,2,1,18
17,1,1,33.49394374,1,1,2,3,1,2,4,2,2,1,1,4,2,22,3,4,4,3,3,3,20,6,5,5,6,6,4,5,5,42,5,5,5,4,5,6,30,4,4,5,5,6,6,30
3,1,1,53.84340611,2,1,2,2,1,3,1,1,2,2,2,1,1,16,4,3,4,3,3,3,20,5,5,5,5,5,6,5,5,41,5,5,6,5,6,5,32,5,5,5,4,5,5,29
19,1,1,28.89448138,1,1,2,3,1,3,1,2,3,1,4,2,1,21,3,2,3,2,2,2,14,3,3,3,3,2,3,3,3,23,4,4,4,3,3,3,21,4,4,4,4,3,4,23
8,1,1,48.18480396,1,1,1,4,3,4,1,3,4,1,2,4,4,30,4,4,4,3,4,4,23,6,6,6,6,5,5,6,4,44,6,6,5,6,6,6,35,6,6,6,6,6,6,36
28,1,1,58.53695449,1,1,2,2,2,2,1,1,1,1,1,1,2,14,3,4,4,3,4,3,21,5,5,5,5,5,5,5,5,40,5,5,5,5,5,5,30,5,5,5,5,5,5,30
8,2,2,38.26276095,2,1,2,3,3,3,3,3,3,3,3,3,3,30,3,4,3,3,3,3,19,5,4,3,5,6,5,5,4,37,6,6,6,4,5,5,32,5,5,5,6,6,5,32
16,1,1,37.17673944,2,1,2,3,3,3,2,3,2,3,3,3,3,28,2,3,3,2,1,2,13,4,4,1,4,4,2,5,5,29,2,2,2,2,3,2,13,4,3,4,6,1,5,23
33,2,1,46.89985772,2,1,1,4,3,3,2,2,4,2,2,3,3,28,3,3,3,3,3,3,18,6,5,4,5,5,4,5,5,39,5,5,5,5,5,5,30,5,5,5,5,5,5,30
26,1,1,50.12028783,1,1,2,4,3,3,2,2,3,2,2,3,3,27,3,3,3,3,3,3,18,4,5,4,4,4,3,4,5,33,4,5,5,4,5,4,27,4,4,5,4,4,4,25
8,1,1,46.622976,2,1,2,3,1,1,1,4,1,2,4,4,3,24,2,3,2,2,3,1,13,5,6,1,5,5,5,6,6,39,5,5,5,5,5,4,29,5,5,5,6,4,4,29
3,1,2,42.72512654,2,1,2,3,3,3,3,3,3,2,2,3,3,28,3,3,3,3,3,2,17,5,4,3,4,4,5,4,4,33,5,5,5,4,4,4,27,5,6,6,6,5,2,30
6,2,1,28.23319105,1,1,2,4,5,4,2,3,4,3,3,4,4,36,3,3,3,3,1,3,16,4,4,4,3,3,5,5,2,30,5,5,5,5,5,5,30,5,5,5,3,4,5,27
18,1,1,52.53426632,2,1,1,4,3,3,2,2,2,2,2,3,3,26,3,3,3,3,3,3,18,6,5,5,5,5,6,6,6,44,5,5,5,5,5,5,30,5,5,5,5,5,5,30
8,2,1,57.15254589,2,1,2,1,3,5,2,4,5,1,3,1,4,29,1,1,1,1,1,2,7,5,5,1,4,4,5,4,5,33,5,5,5,5,5,5,30,5,5,5,4,6,6,31
32,2,1,47.09609428,1,1,2,3,3,3,2,2,2,1,3,3,2,24,3,3,3,3,3,3,18,6,6,6,6,5,6,6,5,46,6,6,6,6,6,6,36,6,6,6,6,6,6,36
16,1,1,55.16666667,2,1,1,4,4,4,2,2,2,2,2,3,2,27,4,4,3,2,4,4,21,5,4,5,4,4,4,1,4,31,5,5,5,5,4,5,29,5,5,5,5,5,5,30
17,2,1,43.87835234,1,1,2,4,4,5,3,3,4,3,3,3,3,35,1,3,2,2,1,2,11,5,5,2,4,3,5,5,4,33,2,4,1,1,2,2,12,4,5,5,6,1,5,26
19,2,1,54.94555664,1,1,1,3,4,3,2,4,4,2,2,3,3,30,4,4,4,4,4,3,23,6,6,6,6,4,4,4,6,42,5,5,5,4,4,4,27,5,4,4,3,3,3,22
29,1,1,46.872976,1,1,2,4,3,5,2,3,4,2,3,3,4,33,2,3,2,2,2,2,13,4,4,3,4,4,4,4,4,31,4,4,4,3,4,4,23,3,4,4,4,4,3,22
3,1,1,36.41061041,1,1,2,1,1,2,1,1,1,1,2,3,1,14,4,4,4,4,4,3,23,5,5,4,5,6,6,5,5,41,5,5,5,6,6,6,33,6,6,6,6,5,5,34
32,1,1,59.04770718,2,1,2,4,4,3,2,2,4,1,2,2,2,26,4,3,4,4,4,4,23,4,5,4,4,3,5,4,4,33,5,5,5,4,5,4,28,5,4,4,4,3,5,25
15,2,1,24.66329858,1,1,2,5,5,5,3,3,3,2,3,5,5,39,3,3,3,3,3,3,18,4,5,5,4,4,4,5,3,34,4,5,4,4,5,4,26,4,5,5,4,4,4,26
25,1,1,26.122976,1,1,2,1,1,4,3,2,4,1,4,3,1,24,4,4,4,4,2,4,22,6,4,6,4,3,5,6,6,40,4,4,6,2,6,6,28,2,2,3,3,4,3,17
2,1,1,47.88910503,2,1,2,3,2,3,2,3,2,2,2,3,3,25,3,2,3,2,1,2,13,4,4,4,4,5,5,4,4,34,4,5,5,3,4,4,25,4,4,4,4,4,4,24
26,2,1,43.69555664,1,1,2,3,3,4,3,3,3,2,2,3,1,27,3,2,3,3,3,4,18,5,5,5,5,5,5,5,4,39,4,5,4,2,4,5,24,2,5,5,3,6,4,25
2,2,1,40.6901803,1,2,1,2,2,4,2,4,2,2,2,5,1,26,2,2,3,2,2,2,13,5,3,3,5,5,5,4,5,35,2,4,3,1,4,3,17,4,4,4,4,3,4,23
5,2,1,40.10147062,1,1,1,5,4,4,2,3,4,3,4,5,4,38,2,2,2,2,1,2,11,3,2,3,3,1,4,4,3,23,5,6,6,5,4,4,30,6,4,5,5,4,3,27
19,2,1,42.84071793,1,1,1,3,1,3,2,2,2,2,3,2,1,21,3,2,3,3,3,3,17,4,4,4,4,4,4,4,3,31,4,4,4,4,4,4,24,4,4,4,4,4,4,24
3,2,1,62.15792224,2,1,1,3,2,2,1,1,2,1,1,2,2,17,4,3,4,3,4,3,21,4,5,4,4,4,5,5,5,36,5,5,5,5,6,6,32,5,5,5,4,5,5,29
4,1,1,55.35684697,2,1,1,5,2,3,1,3,2,1,1,2,2,22,3,3,4,3,3,3,19,6,6,5,6,4,5,6,6,44,6,4,5,5,5,4,29,5,4,4,6,5,5,29
11,2,1,57.54770718,2,1,1,3,3,5,2,3,4,3,2,3,2,30,4,3,3,4,3,3,20,6,6,4,4,4,3,6,5,38,4,5,6,2,3,3,23,5,4,6,6,4,5,30
21,2,1,37.41061041,1,1,2,3,4,4,3,4,3,3,4,4,3,35,2,2,2,2,2,2,12,3,4,3,4,4,3,4,3,28,4,4,4,3,4,4,23,4,4,4,4,5,4,25
8,2,1,48.29233084,2,1,2,3,4,4,3,3,4,3,4,4,4,36,2,2,3,2,2,2,13,4,4,2,3,4,5,4,4,30,5,5,5,5,5,5,30,5,5,5,6,5,5,31
12,1,1,34.86759966,1,1,1,5,2,3,1,1,2,1,2,3,2,22,4,3,4,3,3,2,19,6,6,6,6,5,6,5,5,45,6,6,6,6,6,6,36,6,6,6,5,5,4,32
14,2,1,54.78695449,1,1,2,2,2,3,2,3,3,3,3,3,2,26,3,3,3,3,3,2,17,4,4,2,4,3,5,4,3,29,4,4,4,3,4,4,23,4,4,4,4,3,3,22
16,2,1,45.37566417,1,1,2,2,2,2,1,2,2,1,1,2,1,16,3,3,3,3,3,1,16,5,5,5,5,5,4,5,5,39,3,3,3,3,3,4,19,3,3,4,4,4,4,22
16,2,1,53.44555664,1,1,2,3,2,2,2,2,2,2,2,3,2,22,3,3,3,3,3,3,18,5,5,5,4,5,5,4,4,37,4,4,4,4,5,5,26,4,4,4,4,5,5,26
20,2,1,37.41666667,1,1,2,4,2,4,1,2,3,2,2,3,3,26,4,4,3,4,3,4,22,5,4,5,4,5,3,5,4,35,5,5,5,5,5,6,31,5,4,4,5,4,4,26
19,2,1,33.52888998,1,1,2,5,4,3,2,2,3,3,3,4,3,32,3,3,3,3,3,3,18,5,5,5,5,5,5,5,5,40,5,5,5,5,5,5,30,5,5,5,5,5,5,30
7,2,1,45.79770718,2,1,2,5,4,5,3,4,5,3,2,5,2,38,2,2,2,2,2,1,11,4,4,2,3,2,6,6,3,30,6,6,6,6,6,6,36,4,5,6,6,6,5,32
8,1,2,40.38641686,2,1,2,5,4,5,3,3,5,3,3,4,5,40,2,1,1,2,1,2,9,6,4,5,5,2,4,4,4,34,4,4,3,2,5,4,22,4,4,5,6,4,1,24
8,1,1,43.15254589,2,1,2,3,3,4,3,4,4,3,4,4,4,36,1,1,1,1,1,1,6,4,4,4,2,2,2,4,4,26,2,2,2,2,2,2,12,2,2,2,2,2,2,12
19,1,1,46.79233084,1,1,1,2,1,2,2,1,2,1,3,2,2,18,3,3,3,4,4,4,21,5,5,5,5,5,5,5,5,40,5,5,5,5,5,5,30,6,6,6,5,5,5,33
1,2,1,49.09340611,2,2,1,3,3,4,3,3,3,3,2,3,3,30,3,3,3,3,3,3,18,4,4,4,4,3,4,4,4,31,4,4,4,4,4,5,25,4,5,5,4,4,4,26
33,1,2,32.97512654,1,1,2,4,3,4,3,4,2,2,4,4,4,34,2,1,2,1,2,2,10,6,6,5,5,5,4,6,6,43,6,5,5,1,3,5,25,5,5,5,6,6,3,30
8,1,1,30.39448138,2,1,2,4,2,5,5,4,3,5,5,1,4,38,3,3,2,1,2,2,13,5,5,5,2,1,5,5,4,32,5,5,5,5,5,5,30,5,5,5,5,5,5,30
14,2,2,44.76813729,2,1,2,2,3,3,2,2,5,1,2,2,1,23,4,3,4,3,2,3,19,5,5,5,5,4,5,5,5,39,5,5,5,5,5,5,30,5,5,5,5,4,4,28
69,2,,37.07,1,1,1,4,2,3,1,1,2,1,2,1,2,19,4,4,4,3,4,4,23,5,5,5,5,4,5,6,5,40,6,6,6,6,5,6,35,6,5,5,6,4,6,32
66,1,,26.04,1,1,2,3,2,4,2,3,1,1,2,3,1,22,2,2,2,2,2,4,14,6,6,1,3,5,5,4,5,35,5,5,5,5,5,5,30,5,5,5,5,5,5,30
49,2,,24.1,1,1,2,3,3,4,3,4,4,2,3,4,3,33,3,3,4,3,3,2,18,4,5,1,5,4,5,4,5,33,3,4,4,3,3,4,21,4,4,4,3,6,4,25
50,2,,32,1,1,2,4,4,4,2,3,3,2,2,3,3,30,3,3,3,3,3,3,18,6,6,6,5,5,6,6,5,45,5,5,5,6,6,6,33,6,6,5,5,4,5,31
43,2,,44.11,1,1,2,5,5,5,2,3,5,2,4,4,4,39,2,2,3,2,2,2,13,2,3,3,2,1,3,4,1,19,3,3,3,3,4,4,20,4,4,4,4,6,5,27
66,2,,28.09,1,1,2,2,4,5,2,3,5,1,3,5,5,35,3,2,3,2,1,2,13,5,4,5,3,4,3,5,4,33,4,4,4,3,4,2,21,3,4,5,2,5,2,21
39,2,,54,2,1,2,3,3,3,3,3,3,2,2,4,3,29,3,3,3,3,3,3,18,4,3,4,4,4,4,4,4,31,4,4,4,4,4,4,24,4,4,4,4,4,4,24
52,2,,33.01,1,1,2,2,3,4,3,3,4,3,3,3,3,31,4,4,4,4,4,4,24,6,6,4,6,6,6,6,6,46,6,6,6,5,6,6,35,5,6,6,6,6,5,34
46,1,,34.07,2,1,2,5,1,3,2,2,1,1,1,3,1,20,4,3,4,3,4,4,22,6,6,6,6,6,6,5,5,46,4,6,4,5,4,3,26,2,2,2,5,4,6,21
54,2,,54.11,1,1,1,5,3,3,1,3,2,1,2,3,1,24,2,4,3,3,1,1,14,6,6,2,6,1,5,6,6,38,2,2,2,2,6,4,18,2,2,3,4,1,2,14
47,2,,33.09,1,1,2,3,4,4,2,2,3,1,3,3,3,28,3,3,3,2,2,3,16,4,3,4,5,5,6,6,6,39,5,5,5,4,6,6,31,4,5,5,4,5,4,27
49,2,,30.11,1,1,2,5,5,4,2,4,5,2,4,5,5,41,2,2,2,2,2,1,11,3,4,3,2,1,4,4,3,24,4,4,4,2,4,4,22,1,2,2,1,6,4,16
56,2,,42.03,2,1,2,1,2,2,2,2,1,2,2,2,1,17,3,3,3,3,3,3,18,5,5,5,5,5,5,5,5,40,5,5,5,5,5,5,30,5,5,5,5,5,5,30
53,1,,45.04,2,1,1,4,3,4,2,2,3,2,2,2,2,26,3,4,4,3,3,3,20,5,6,4,5,5,6,5,4,40,6,6,6,6,6,6,36,6,6,6,6,6,6,36
66,1,,34.1,1,1,1,4,3,5,2,4,5,3,3,4,3,36,4,4,3,1,1,2,15,5,6,4,5,6,6,5,5,42,5,5,5,5,5,5,30,5,5,5,5,5,5,30
40,1,,26.03,1,1,2,1,1,2,1,1,1,2,2,3,1,15,3,3,4,4,3,3,20,6,6,6,6,4,6,6,6,46,4,4,4,4,5,6,27,4,5,5,6,6,4,30
45,2,,65.06,2,1,1,1,2,3,2,2,3,1,2,2,2,20,3,3,3,3,3,3,18,5,3,5,3,4,5,6,6,37,5,5,5,5,5,5,30,4,4,5,5,5,4,27
69,1,,59.09,2,1,1,1,1,1,1,1,1,1,1,1,1,10,4,4,4,4,4,4,24,6,6,6,6,6,6,6,6,48,6,6,6,6,6,6,36,6,6,6,6,6,6,36
36,2,,41.09,2,1,2,4,4,5,4,4,4,3,4,4,3,39,1,1,1,2,1,1,7,2,3,2,2,4,4,4,3,24,4,4,4,4,4,4,24,4,4,4,4,4,5,25
37,2,,26.03,1,1,2,5,4,5,3,3,4,3,3,5,4,39,3,2,3,3,3,2,16,5,5,3,4,4,6,4,3,34,4,4,4,3,4,4,23,2,2,2,4,5,5,20
59,2,,39.07,1,1,2,3,2,2,1,1,3,2,2,2,1,19,2,2,3,2,1,2,12,4,4,3,4,3,4,6,4,32,4,4,5,5,6,6,30,5,5,5,4,6,5,30
62,2,,50.02,2,1,2,4,3,4,2,3,3,3,3,3,3,31,3,3,3,2,2,2,15,4,4,2,4,4,4,4,4,30,4,5,4,4,5,4,26,5,5,5,4,5,2,26
68,2,,55.05,2,1,2,4,3,3,2,4,3,2,3,3,3,30,2,2,2,2,3,2,13,5,5,2,2,5,6,3,3,31,2,6,3,3,5,4,23,3,5,5,3,6,4,26
68,2,,48.07,1,1,2,4,4,5,3,3,4,3,3,4,3,36,3,3,3,2,2,3,16,4,4,4,2,4,5,4,3,30,4,4,4,4,5,6,27,4,5,3,5,4,4,25
50,2,,46.03,2,1,1,5,3,3,1,2,2,1,2,2,1,22,4,4,4,3,3,4,22,5,5,5,5,5,5,5,5,40,5,5,5,5,5,5,30,4,5,5,5,5,5,29
62,1,,44.1,2,1,2,5,3,4,3,3,4,1,1,3,3,30,3,3,3,3,1,2,15,5,4,3,4,4,4,4,4,32,5,5,5,5,5,4,29,4,4,4,1,3,4,20
35,2,,26.08,1,1,2,1,2,3,1,4,1,1,2,2,2,19,3,4,4,4,3,3,21,6,4,5,6,6,5,5,5,42,5,5,5,4,5,5,29,5,5,5,5,6,6,32
57,1,,37,1,1,2,4,2,5,2,2,3,3,3,4,2,30,2,2,3,2,1,2,12,5,6,5,5,1,5,4,3,34,4,4,5,5,5,5,28,5,5,5,5,6,5,31
69,2,,45.1,2,1,1,3,2,3,1,2,2,2,2,2,1,20,4,4,4,4,4,4,24,5,6,5,5,5,6,6,5,43,5,6,6,6,6,6,35,5,5,6,6,6,6,34
50,2,,54.07,2,1,1,4,2,3,2,3,1,3,3,4,1,26,3,3,3,3,2,2,16,6,5,4,6,4,6,5,4,40,6,5,5,5,6,6,33,5,5,5,6,6,6,33
43,2,,56.02,2,1,2,2,2,3,2,2,2,3,3,3,3,25,3,3,3,3,4,4,20,4,5,4,4,5,6,5,4,37,6,6,6,6,6,6,36,6,6,6,6,6,6,36
49,1,,25.02,1,1,2,3,2,1,1,2,3,1,2,3,3,21,3,4,4,4,3,2,20,6,6,5,6,6,5,6,6,46,5,5,5,6,5,6,32,4,4,5,5,5,5,28
69,1,,58.01,2,1,2,3,3,3,2,2,3,2,2,2,1,23,3,3,3,3,4,3,19,5,4,4,6,4,6,6,5,40,4,4,4,4,6,6,28,6,6,5,6,6,6,35
57,2,,42.07,2,1,1,3,1,1,1,2,3,1,2,2,2,18,3,4,4,4,3,3,21,5,5,5,5,4,6,5,5,40,5,5,5,5,5,6,31,5,5,6,5,5,6,32
41,2,,31.08,2,1,1,2,3,4,2,3,2,1,2,2,2,23,4,4,4,4,3,4,23,5,5,6,4,4,4,5,5,38,5,5,6,5,6,5,32,4,4,5,4,6,5,28
54,2,,36.04,1,1,2,3,3,4,3,3,4,3,2,4,3,32,3,2,3,2,2,2,14,4,3,3,4,3,3,3,3,26,3,4,4,3,4,3,21,4,4,4,3,6,6,27
65,2,,56.06,2,1,2,2,3,3,1,2,3,1,2,3,2,22,3,3,3,3,3,3,18,4,4,4,5,5,4,5,5,36,5,5,5,5,5,5,30,5,5,4,4,4,4,26
63,2,,35.07,1,1,2,3,2,3,2,2,3,1,1,2,2,21,3,3,3,3,3,3,18,4,5,5,4,3,5,5,5,36,5,5,5,6,6,5,32,4,5,5,5,5,5,29
58,1,,49.04,1,1,2,3,3,3,3,3,3,3,3,3,2,29,4,3,3,3,2,3,18,5,5,4,4,5,6,5,3,37,6,6,6,6,6,6,36,6,6,6,6,6,6,36
66,1,,48.05,2,1,2,3,2,3,1,1,1,2,2,3,1,19,3,3,3,3,2,2,16,4,4,4,4,4,4,4,4,32,4,4,4,4,4,4,24,4,4,4,4,4,4,24
49,2,,47.01,1,1,1,3,2,3,2,2,2,1,2,3,1,21,3,4,4,3,2,2,18,6,6,3,5,5,6,5,5,41,3,3,3,2,3,3,17,4,4,4,4,4,6,26
55,2,,44.08,1,1,2,4,2,3,1,2,2,2,2,2,2,22,3,3,3,3,2,2,16,6,5,4,4,3,6,5,5,38,4,4,4,4,4,4,24,3,4,4,4,6,4,25
49,1,,44.05,1,1,1,1,1,1,1,1,1,1,1,1,1,10,4,4,4,4,4,4,24,6,6,6,6,6,6,6,6,48,6,6,6,6,6,6,36,6,6,6,6,4,6,34
50,2,,48.09,2,1,2,4,3,3,2,2,3,3,1,5,5,31,2,3,3,3,3,3,17,4,4,2,4,4,2,5,2,27,1,1,1,1,1,1,6,1,1,1,1,1,1,6
53,2,,56.03,1,1,1,5,3,5,1,2,3,1,2,3,2,27,4,4,4,4,3,4,23,6,6,6,6,3,6,6,6,45,6,6,6,6,6,6,36,6,6,6,6,6,6,36
68,1,,52.01,2,1,2,3,3,4,3,4,5,3,3,5,4,37,2,3,2,2,1,1,11,3,4,1,3,2,4,4,2,23,2,4,3,4,5,5,23,5,5,5,4,5,4,28
50,2,,33.1,1,1,2,4,5,5,2,3,3,3,3,2,3,33,2,2,2,2,1,2,11,4,5,2,3,2,5,6,3,30,3,4,3,3,4,4,21,2,3,3,3,4,2,17
54,1,,36.1,2,1,2,3,1,1,3,1,1,1,1,1,1,14,4,4,4,4,3,4,23,6,6,6,6,6,6,6,5,47,6,6,5,5,6,6,34,6,6,6,5,6,6,35
51,1,,44.09,2,1,1,3,3,3,1,1,3,2,2,2,1,21,3,3,3,3,3,3,18,5,5,4,4,5,4,4,5,36,4,4,4,4,4,5,25,4,4,4,4,5,3,24
69,2,,43,2,1,1,2,2,2,2,2,2,2,2,2,1,19,4,4,4,4,4,4,24,6,5,6,4,5,5,5,5,41,5,5,5,4,5,4,28,5,5,5,5,5,5,30
69,2,,48,1,1,1,3,3,3,1,2,2,1,1,3,1,20,3,3,3,3,3,4,19,6,6,5,4,5,6,5,5,42,5,6,5,5,5,5,31,5,5,5,6,6,6,33
66,1,,40.01,2,1,2,3,3,3,1,3,1,1,3,2,3,23,3,4,3,3,2,3,18,3,4,4,4,5,3,5,6,34,5,5,5,4,5,4,28,5,5,5,4,5,4,28
69,2,,47,2,1,1,3,1,1,1,1,1,1,1,1,1,12,4,4,4,4,4,4,24,6,6,6,6,6,6,6,6,48,6,6,6,6,6,6,36,6,6,6,6,6,6,36
69,1,,41,1,1,1,4,2,2,1,1,1,1,1,2,1,16,4,4,4,4,4,4,24,6,6,6,5,5,5,6,6,45,6,6,6,6,6,6,36,6,6,6,6,6,6,36
53,1,,34.01,1,1,2,2,2,3,2,2,1,1,1,2,1,17,4,4,4,3,3,4,22,5,5,5,5,5,5,5,5,40,5,5,5,5,5,5,30,5,5,5,5,5,5,30
69,2,,42.05,2,1,1,2,1,2,1,1,1,1,1,1,1,12,4,4,4,4,4,4,24,6,6,6,6,5,5,6,6,46,6,6,5,6,6,6,35,5,6,6,6,6,6,35
42,1,,36.08,1,1,2,3,2,3,2,2,2,3,2,3,1,23,4,4,4,4,4,4,24,6,5,5,4,3,5,5,4,37,5,5,5,3,3,4,25,5,6,6,5,6,4,32
69,1,,50.09,1,1,1,2,1,2,1,1,1,3,1,2,1,15,4,4,4,4,4,4,24,5,5,6,6,5,5,5,4,41,5,5,5,5,5,5,30,5,5,5,5,5,5,30
48,2,,31.03,2,1,2,4,3,4,2,3,3,3,3,2,3,30,3,3,3,2,2,2,15,4,4,4,4,4,4,4,3,31,5,5,5,4,5,5,29,5,5,5,4,5,5,29
40,2,,27.09,1,1,2,4,3,4,3,3,3,3,3,3,3,32,3,3,3,3,2,2,16,4,4,4,3,2,5,3,4,29,6,6,6,4,5,6,33,6,6,6,6,6,6,36
55,2,,21.11,1,1,2,3,4,5,3,3,3,3,3,3,2,32,4,3,3,3,3,4,20,5,6,5,4,5,4,5,2,36,6,6,6,6,6,6,36,6,6,6,6,6,6,36
44,1,,43.05,2,1,1,3,1,3,1,1,1,2,2,3,1,18,4,4,4,4,4,4,24,6,6,6,5,6,4,6,5,44,4,4,4,4,4,4,24,4,4,4,4,4,4,24
67,1,,54.03,2,1,1,2,1,1,5,1,1,1,1,1,2,16,4,4,4,4,4,4,24,5,6,6,4,4,6,6,5,42,4,4,4,6,4,4,26,5,5,5,6,6,4,31
35,2,,53.08,1,1,2,3,3,3,2,2,3,2,2,3,2,25,3,3,3,3,3,3,18,4,4,5,4,4,4,5,4,34,4,4,4,4,4,4,24,4,4,4,4,4,4,24
51,2,,60.03,2,1,2,5,4,4,3,4,3,2,3,4,3,35,3,3,3,3,1,2,15,4,4,3,4,4,4,4,4,31,4,4,4,3,3,3,21,4,4,4,4,3,2,21
69,2,,38.08,1,1,1,3,3,4,2,2,5,2,2,4,3,30,3,3,3,2,2,1,14,5,3,2,3,3,5,4,4,29,4,4,4,4,4,4,24,4,4,4,3,4,3,22
50,2,,50.02,2,1,2,4,3,5,2,3,4,4,3,5,3,36,3,2,3,2,3,2,15,4,4,2,4,4,2,5,2,27,4,4,4,3,5,5,25,4,4,4,1,5,1,19
63,1,,53,1,1,2,4,3,3,2,2,3,2,2,3,3,27,3,4,4,4,3,3,21,6,5,4,5,2,4,4,4,34,4,4,5,6,6,6,31,4,5,5,4,5,4,27
47,2,,47.05,2,1,2,4,3,3,2,3,4,2,3,3,3,30,3,3,3,3,3,3,18,4,4,3,4,3,4,4,3,29,4,4,4,3,3,3,21,4,4,4,3,4,3,22
67,2,,55.07,2,1,2,2,3,3,2,1,3,2,2,2,2,22,4,4,4,4,4,4,24,4,4,6,5,4,4,4,4,35,4,5,5,5,5,5,29,5,5,5,5,5,5,30
50,2,,54.07,2,1,2,3,3,4,2,3,3,4,3,4,3,32,3,3,3,2,3,1,15,4,3,3,4,5,2,5,2,28,5,5,5,5,5,4,29,4,4,4,4,4,4,24
36,2,,50.06,1,1,2,3,2,2,2,2,4,2,2,1,1,21,3,3,3,3,3,3,18,5,5,5,5,5,5,5,5,40,4,4,4,4,4,4,24,4,3,3,4,3,4,21
41,2,,43.01,2,1,1,3,2,3,2,2,2,2,2,3,2,23,3,3,4,4,3,4,21,5,6,5,4,5,5,5,4,39,5,5,5,4,4,4,27,5,5,6,5,5,6,32
40,2,,29.1,1,1,2,3,4,4,3,3,4,2,3,3,2,31,3,3,3,2,3,2,16,5,4,4,4,3,3,4,4,31,4,4,4,3,4,4,23,5,5,5,4,5,5,29
48,2,,23.03,1,1,2,1,1,3,1,3,4,2,3,3,3,24,3,3,3,2,3,3,17,5,5,5,3,4,5,4,5,36,6,5,5,5,5,5,31,3,3,4,5,6,6,27
63,2,,51.04,1,1,2,3,1,2,1,2,2,2,2,2,1,18,3,3,4,3,4,4,21,5,6,4,4,4,5,6,5,39,5,5,4,5,6,6,31,5,5,5,5,5,5,30
59,1,,30.11,1,1,2,1,1,1,1,1,1,1,1,1,1,10,3,4,3,3,3,3,19,5,5,5,5,6,6,6,6,44,5,5,5,5,5,5,30,5,5,5,5,5,5,30
45,2,,39.02,2,1,2,3,3,2,2,2,3,2,4,2,2,25,3,3,3,3,3,3,18,5,4,4,4,4,5,5,4,35,3,4,3,4,4,4,22,4,4,4,4,5,5,26
55,2,,50.05,2,1,2,1,3,4,1,3,3,3,3,2,1,24,4,3,3,3,3,3,19,5,6,3,5,5,6,6,4,40,6,6,6,6,6,6,36,5,5,5,6,5,5,31
54,2,,53.07,2,1,2,3,1,1,2,2,4,2,4,2,1,22,3,3,3,3,3,3,18,5,4,5,5,5,5,6,4,39,4,4,4,4,5,5,26,4,4,4,4,4,4,24
54,2,,32.04,2,1,2,3,2,5,1,3,4,1,2,3,3,27,2,2,3,2,2,3,14,6,4,5,5,2,5,5,4,36,4,4,4,4,4,4,24,5,5,5,3,6,4,28
69,2,,53.02,1,1,1,1,1,1,1,1,1,1,1,1,1,10,4,4,4,4,4,4,24,6,6,6,6,6,6,6,6,48,6,6,6,6,6,6,36,6,6,6,6,6,6,36
63,1,,56.04,2,1,2,3,2,3,2,2,3,1,2,3,2,23,2,3,3,2,3,3,16,4,4,4,2,4,4,4,4,30,4,4,4,4,4,3,23,4,4,4,2,3,4,21
63,2,,44.01,2,1,2,4,3,4,2,3,4,4,3,5,5,37,2,3,2,2,1,2,12,5,3,3,4,4,3,4,3,29,5,5,5,5,5,5,30,5,5,6,4,6,5,31
67,1,,55.05,2,1,2,4,3,3,2,3,3,3,2,3,2,28,3,3,3,3,3,3,18,5,5,4,4,4,4,4,5,35,4,4,4,5,5,5,27,5,5,5,4,4,4,27
69,1,,32,1,1,2,4,3,3,3,4,4,3,3,4,4,35,3,3,2,2,2,1,13,4,3,2,4,4,3,4,4,28,3,3,3,4,3,4,20,3,4,3,4,3,4,21
58,2,,59.02,2,1,2,3,2,3,2,2,2,3,2,3,2,24,3,3,3,3,2,2,16,5,5,5,5,5,5,5,5,40,5,5,5,5,5,5,30,5,5,5,5,5,5,30
54,1,,41.08,1,1,1,1,1,2,1,2,3,1,2,2,1,16,3,4,3,3,2,2,17,6,5,5,5,4,5,5,6,41,5,4,4,4,5,6,28,3,4,4,5,5,5,26
55,2,,26.09,1,1,2,3,3,4,3,3,2,2,3,4,3,30,3,3,3,3,2,2,16,6,5,5,4,4,4,5,4,37,4,5,4,3,5,4,25,4,4,4,5,6,6,29
68,2,,52,2,1,2,3,3,3,1,3,3,2,2,3,3,26,4,3,4,3,3,4,21,6,6,5,4,3,6,6,6,42,5,5,5,5,5,5,30,5,5,5,5,6,5,31
36,1,,49.03,2,1,2,2,2,4,2,3,3,3,3,3,3,28,1,2,2,2,2,1,10,4,4,2,4,5,5,5,2,31,4,3,4,3,5,4,23,3,3,4,4,2,4,20
38,1,,52.1,2,1,2,3,3,3,3,3,3,4,3,4,3,32,3,2,2,2,2,2,13,4,3,4,3,2,5,3,3,27,4,4,4,4,4,4,24,4,4,4,5,5,5,27
62,2,,50.02,2,1,2,4,4,5,2,2,4,3,3,5,2,34,3,3,3,4,4,4,21,4,4,4,6,5,4,6,4,37,4,4,4,5,5,6,28,4,5,5,6,4,3,27
69,1,,60.1,2,1,2,1,1,1,1,1,5,1,1,2,1,15,4,4,4,4,4,4,24,6,6,6,6,6,6,6,6,48,6,6,6,6,6,6,36,6,6,6,6,6,6,36
42,2,,49.09,1,1,2,3,1,2,1,1,1,1,2,3,1,16,3,3,4,3,3,3,19,6,6,6,6,6,6,6,6,48,5,6,6,6,6,6,35,4,6,6,6,6,6,34
42,1,,49.03,1,1,2,4,3,3,1,3,4,1,3,3,3,28,3,3,4,3,3,3,19,4,5,5,4,2,3,4,5,32,4,5,5,2,3,4,23,5,5,5,3,6,3,27
69,2,,54,1,1,1,5,3,3,2,2,4,1,2,3,3,28,4,3,4,3,2,4,20,6,6,5,4,3,6,6,5,41,6,6,6,6,6,6,36,6,6,6,6,6,6,36
60,2,,47.01,1,1,2,4,3,3,2,2,3,2,2,3,3,27,3,3,3,3,3,2,17,4,4,2,3,4,4,4,4,29,3,3,3,4,4,4,21,4,3,3,4,4,4,22
66,2,,48.05,2,1,2,1,2,3,2,2,4,2,3,3,2,24,3,3,3,3,4,4,20,4,4,5,5,5,4,5,4,36,6,6,6,6,6,6,36,4,5,5,6,5,4,29
58,2,,46.1,2,1,2,3,2,4,2,3,4,3,4,3,2,30,2,2,2,2,2,2,12,4,4,3,4,4,4,4,3,30,4,4,4,4,4,4,24,4,4,4,4,4,3,23
43,1,,39.08,2,1,2,3,3,3,3,3,3,3,4,4,3,32,3,3,2,2,3,3,16,4,4,2,4,4,4,4,4,30,4,4,4,4,4,4,24,4,4,4,5,6,4,27
67,1,,53.06,2,1,1,3,4,4,1,3,3,3,3,3,3,30,3,3,3,3,4,4,20,6,6,6,3,3,5,4,5,38,5,5,6,5,6,6,33,6,5,5,6,6,6,34
68,2,,37.06,1,1,2,3,2,3,1,2,2,2,1,3,1,20,4,4,4,4,4,4,24,5,5,5,5,5,5,5,5,40,5,5,4,5,5,5,29,4,4,4,5,5,5,27
35,1,,42.1,2,1,2,2,3,3,4,1,2,1,1,2,1,20,4,4,4,3,4,3,22,6,6,5,6,6,6,5,5,45,5,6,6,6,6,5,34,6,6,6,6,6,6,36
40,2,,34.06,2,1,2,2,3,4,3,4,3,3,3,3,2,30,3,3,3,3,3,3,18,5,3,4,4,4,4,4,4,32,5,6,6,6,6,6,35,6,6,6,6,6,6,36
69,2,,42.01,1,1,1,2,2,2,1,1,3,1,1,1,1,15,4,4,4,4,4,4,24,6,6,6,6,5,6,6,5,46,6,6,6,6,6,6,36,4,4,4,5,4,6,27
68,1,,51.07,1,1,2,3,1,2,2,3,4,2,2,2,1,22,3,3,3,3,3,3,18,4,4,4,4,5,4,5,4,34,4,4,4,5,5,5,27,5,5,4,5,4,3,26
50,2,,34.01,1,1,2,3,3,3,1,2,3,2,3,3,3,26,3,3,3,3,3,3,18,4,5,5,4,5,5,5,5,38,5,5,5,5,5,5,30,5,5,5,5,4,5,29
39,2,,39.07,1,1,1,3,2,2,1,1,1,2,1,2,1,16,4,4,4,3,3,3,21,6,6,6,6,6,6,3,4,43,6,6,6,4,5,4,31,6,5,4,6,6,6,33
61,2,,55.03,2,1,2,4,4,4,3,3,3,3,3,3,3,33,4,4,4,2,4,4,22,4,4,4,3,4,3,4,3,29,4,4,4,4,4,4,24,4,4,4,4,4,4,24
51,2,,31,1,1,2,2,2,2,2,2,3,1,1,2,1,18,3,3,3,3,2,3,17,6,6,5,4,3,4,5,4,37,4,4,4,5,5,5,27,5,5,5,4,6,4,29
67,2,,55.07,2,1,2,4,3,4,2,2,5,2,2,4,3,31,3,3,3,3,3,3,18,5,4,5,4,3,4,4,5,34,5,5,5,4,4,4,27,4,4,4,3,4,4,23
55,1,,28.11,1,1,2,3,3,3,3,3,3,3,3,3,3,30,3,3,4,4,4,3,21,4,3,4,4,4,4,4,4,31,5,5,5,5,5,5,30,5,3,3,5,6,5,27
52,2,,27.08,1,1,2,3,4,3,3,3,3,2,3,4,3,31,3,3,3,3,2,3,17,5,5,5,5,4,6,4,4,38,5,5,4,4,4,4,26,5,5,5,4,5,4,28
54,1,,55.01,2,1,2,3,4,2,2,2,2,2,2,2,2,23,3,3,3,3,3,2,17,5,5,5,5,5,5,5,5,40,4,4,4,3,3,3,21,3,3,3,4,5,3,21
51,2,,39.05,1,1,2,3,3,3,1,2,3,1,2,3,2,23,3,3,3,3,4,3,19,6,1,6,5,4,5,5,5,37,6,6,6,6,6,6,36,5,5,6,4,6,5,31
61,1,,30.01,1,1,2,4,5,5,4,3,5,3,3,3,5,40,3,4,3,3,1,1,15,6,6,4,6,5,6,6,6,45,5,5,5,1,5,4,25,5,5,5,6,6,5,32
69,1,,54.04,2,1,1,3,3,4,2,2,2,2,2,3,2,25,4,3,3,3,4,4,21,5,5,3,4,2,4,4,4,31,5,5,5,4,5,5,29,5,6,6,5,6,3,31
41,2,,50.1,2,1,2,3,2,2,2,3,2,2,2,3,2,23,3,3,3,3,3,3,18,4,4,4,4,4,4,4,4,32,5,5,5,5,5,5,30,5,5,5,5,5,5,30
65,1,,50.04,2,1,2,3,3,4,2,3,4,3,4,3,3,32,3,3,3,2,2,2,15,5,2,1,3,4,5,5,4,29,4,4,4,3,4,4,23,4,3,4,5,4,4,24
51,2,,29.01,1,1,2,3,4,3,2,2,3,2,2,2,2,25,3,3,3,3,2,3,17,5,5,5,5,4,4,5,5,38,4,4,4,4,4,4,24,4,4,4,4,4,4,24
51,2,,31.04,2,1,1,4,4,5,2,3,3,3,3,5,5,37,3,3,3,3,3,1,16,6,5,6,5,3,5,6,4,40,4,4,4,2,3,3,20,4,4,5,3,6,2,24
60,2,,48.09,2,1,2,5,4,5,2,3,4,1,3,4,3,34,4,3,3,3,3,3,19,5,5,3,5,2,4,4,4,32,5,5,5,5,5,6,31,5,5,5,5,5,5,30
69,2,,54.03,2,1,2,3,2,3,2,3,5,2,3,3,3,29,4,4,4,4,3,3,22,6,5,6,5,4,6,6,5,43,6,6,6,5,6,6,35,5,5,5,5,5,4,29
65,2,,54.08,2,1,2,3,3,3,1,2,3,1,1,5,3,25,4,4,4,4,4,4,24,6,6,6,6,5,6,5,4,44,6,6,6,6,6,6,36,6,6,6,6,6,6,36
54,1,,34.07,1,1,2,5,4,4,3,4,4,3,3,4,3,37,3,3,4,3,3,3,19,4,4,4,4,4,4,5,4,33,5,4,4,4,5,4,26,4,4,4,3,6,4,25
61,2,,25.1,1,1,2,4,3,5,3,3,4,3,4,3,3,35,3,3,3,3,2,3,17,4,3,4,4,3,5,6,4,33,5,5,5,5,5,5,30,4,5,5,4,5,5,28
54,2,,38.01,1,1,2,4,4,3,3,3,3,3,3,3,2,31,3,3,3,3,3,3,18,5,4,4,5,2,4,4,4,32,4,4,3,4,4,3,22,4,4,4,3,4,4,23
56,2,,37.1,2,1,2,3,2,5,3,3,3,2,3,4,5,33,3,2,3,2,1,2,13,4,3,2,2,5,5,5,3,29,3,4,4,4,6,5,26,5,5,5,4,5,5,29
51,2,,49.07,2,1,2,2,2,3,1,2,2,2,2,2,1,19,4,4,4,4,4,3,23,6,6,4,6,6,6,6,4,44,6,5,5,5,5,5,31,5,5,5,5,5,5,30
36,2,,33.01,1,1,2,2,3,4,3,3,4,3,3,3,3,31,3,3,3,3,2,3,17,4,6,6,3,3,6,6,5,39,4,4,4,3,6,3,24,4,4,4,3,5,5,25
51,1,,44.01,1,1,2,3,3,3,2,2,2,2,2,2,2,23,3,3,3,3,2,2,16,6,4,5,4,4,5,5,5,38,4,4,4,4,4,4,24,4,5,5,2,6,2,24
49,2,,31.04,1,1,2,3,1,3,1,2,1,2,2,3,1,19,4,4,4,4,4,3,23,6,6,6,6,6,6,6,5,47,6,6,5,4,6,6,33,5,5,6,6,6,6,34
47,2,,43.01,1,1,2,3,2,3,2,2,3,2,1,2,2,22,4,3,4,4,3,4,22,4,5,6,5,4,5,4,4,37,4,4,4,4,4,4,24,4,4,4,4,4,5,25
56,2,,49.08,2,1,2,2,3,3,3,3,3,3,2,4,3,29,3,3,3,3,2,3,17,5,3,4,4,4,4,5,4,33,5,5,4,4,5,5,28,4,4,4,4,4,4,24
62,1,,54.04,2,1,2,3,3,3,2,2,3,2,2,3,3,26,3,3,3,3,4,2,18,5,5,3,4,3,4,5,5,34,5,5,5,6,5,5,31,4,4,4,5,5,4,26
49,2,,24,1,1,2,4,5,3,3,3,4,1,3,5,2,33,3,3,4,3,3,4,20,3,4,3,6,5,6,6,3,36,6,6,6,4,6,6,34,5,5,5,6,6,6,33
60,2,,50.05,2,1,2,2,1,1,1,2,1,1,2,1,1,13,3,3,3,3,4,3,19,5,5,4,5,5,5,6,4,39,4,4,4,4,4,5,25,3,3,3,2,2,2,15
51,2,,51.07,1,1,2,4,3,4,2,3,4,3,3,3,4,33,3,2,3,2,2,2,14,6,6,5,3,5,5,5,5,40,3,3,3,3,2,2,16,4,4,4,3,3,3,21
53,2,,36.06,1,1,2,3,3,3,3,2,3,2,3,3,2,27,4,4,4,3,4,3,22,5,3,5,4,5,4,4,4,34,6,6,6,6,6,6,36,6,6,6,6,6,6,36
65,2,,58.02,2,1,2,3,4,5,3,4,4,3,4,3,3,36,2,2,2,2,2,2,12,4,4,3,2,4,3,4,2,26,3,4,3,4,4,4,22,3,3,3,4,4,3,20
44,2,,24.06,1,1,2,1,1,1,5,1,1,1,1,1,1,14,4,4,4,4,4,4,24,5,5,5,6,5,6,5,4,41,5,6,6,5,4,5,31,5,5,6,4,4,4,28
45,2,,51.01,1,1,1,3,2,2,1,2,2,1,1,3,1,18,3,3,4,3,2,3,18,6,5,5,5,4,4,5,5,39,6,5,5,5,5,5,31,5,6,6,5,5,4,31
35,1,,52.04,1,1,2,2,3,3,2,3,2,2,3,3,1,24,4,4,4,4,4,4,24,5,6,4,5,5,6,4,5,40,5,5,6,6,6,6,34,5,4,4,6,5,6,30
51,2,,44.05,1,1,2,3,1,1,1,1,1,2,1,2,2,15,3,4,4,4,4,4,23,5,6,5,5,5,6,6,5,43,5,5,5,4,5,4,28,5,5,5,5,5,5,30
42,2,,47.06,2,1,2,3,1,3,1,4,3,1,2,2,2,22,4,4,4,3,1,1,17,6,6,5,6,5,6,6,5,45,6,6,6,6,6,6,36,6,5,5,5,6,2,29
57,1,,31.1,1,1,2,3,2,2,2,3,2,1,2,3,2,22,3,3,3,3,3,3,18,6,5,5,4,4,5,4,5,38,4,5,5,5,5,5,29,5,5,5,5,4,5,29
62,2,,51.11,1,1,2,4,3,4,2,2,3,3,3,3,2,29,3,3,3,3,3,3,18,5,5,4,5,3,4,4,4,34,5,5,4,5,5,5,29,5,5,5,5,5,3,28
46,2,,30.09,2,1,2,3,2,3,2,3,3,3,3,4,3,29,2,2,2,3,3,3,15,4,5,4,5,4,4,4,3,33,4,4,4,4,5,5,26,5,5,5,5,3,4,27
62,1,,51.06,2,1,2,4,1,3,1,2,3,1,5,1,1,22,4,3,4,3,2,4,20,5,1,5,5,5,5,5,5,36,5,5,5,5,5,5,30,5,5,5,5,5,5,30
48,2,,31.09,2,1,2,3,3,4,2,2,5,1,5,3,2,30,3,3,3,2,2,2,15,4,5,5,4,4,3,6,6,37,5,6,5,6,6,6,34,3,4,4,6,4,6,27
36,1,,53.11,2,1,2,3,3,5,2,3,5,2,2,5,5,35,2,1,2,2,2,1,10,5,3,1,5,1,1,4,4,24,3,4,4,2,3,4,20,4,4,4,2,5,6,25
41,2,,55,2,1,1,4,3,3,3,3,3,3,2,2,2,28,3,3,3,4,4,4,21,4,4,3,4,3,4,4,4,30,5,5,5,5,5,6,31,5,4,5,5,5,5,29
54,2,,33.03,1,1,2,3,5,5,4,3,4,3,3,4,3,37,3,3,3,3,2,3,17,4,4,6,4,4,2,4,4,32,6,6,6,4,6,6,34,4,4,4,4,5,5,26
60,1,,58.04,2,1,2,3,4,4,3,3,4,1,3,3,4,32,3,3,3,2,3,2,16,4,4,2,4,4,2,4,5,29,4,4,4,4,5,5,26,5,5,3,3,5,4,25
60,1,,47.06,2,1,2,2,2,3,1,2,3,1,2,2,3,21,2,3,2,3,3,1,14,6,5,2,4,4,6,5,5,37,4,4,4,4,5,5,26,3,3,3,5,6,4,24
35,2,,55.08,1,1,2,2,4,3,2,2,3,2,2,3,3,26,3,3,3,3,3,3,18,5,5,5,4,5,5,5,5,39,4,4,4,4,4,4,24,4,4,4,4,3,3,22
48,2,,33.07,1,1,2,4,5,4,3,2,5,2,5,2,2,34,3,4,3,3,2,4,19,5,6,6,6,3,4,5,6,41,6,6,6,5,6,6,35,6,5,6,6,6,6,35
44,1,,25.07,1,1,2,3,2,3,1,2,2,1,2,3,1,20,4,4,3,3,4,4,22,4,5,5,5,5,4,5,5,38,5,6,6,5,5,5,32,5,5,6,5,6,5,32
47,2,,52.03,1,1,2,3,2,3,1,2,2,2,2,2,1,20,3,3,3,3,3,3,18,5,5,5,5,5,5,5,4,39,5,5,5,5,5,5,30,5,5,5,5,5,5,30
58,1,,31.07,2,1,2,5,3,4,2,2,3,2,2,3,2,28,3,3,3,3,3,4,19,6,5,4,5,5,5,5,5,40,5,5,5,5,5,5,30,5,5,5,4,5,5,29
40,2,,33.08,1,1,2,4,3,5,2,3,4,2,3,4,4,34,4,4,4,3,3,4,22,6,4,6,4,2,6,5,5,38,4,5,5,5,6,6,31,4,5,5,5,6,5,30
51,2,,29.08,1,1,1,5,3,4,2,3,4,2,3,4,3,33,3,3,3,3,3,3,18,5,4,5,4,5,4,5,5,37,5,5,5,5,5,5,30,5,5,5,4,5,4,28
44,2,,29.09,1,1,2,3,2,3,1,1,2,2,3,3,1,21,4,3,3,3,4,4,21,5,5,5,5,4,6,6,5,41,4,4,4,3,3,3,21,4,4,4,3,4,4,23
51,2,,51.05,2,1,2,1,4,4,1,2,3,3,3,3,4,28,3,2,3,2,2,3,15,6,5,4,5,1,5,6,5,37,5,5,5,4,3,3,25,5,6,6,4,5,5,31
51,2,,27.07,1,1,2,3,3,4,2,2,3,3,3,3,3,29,4,3,4,3,3,4,21,5,5,5,6,3,6,5,5,40,5,5,5,5,6,5,31,4,5,4,5,6,4,28
45,2,,56.06,2,1,2,1,1,1,1,1,1,1,1,1,1,10,3,4,4,3,3,3,20,6,6,6,6,6,6,6,6,48,4,4,4,4,5,4,25,4,4,4,4,4,4,24
39,2,,35.04,2,1,2,4,4,4,3,3,5,1,3,3,4,34,3,3,3,2,1,2,14,5,4,1,1,1,1,5,4,22,3,3,3,3,6,3,21,4,4,4,1,6,1,20
51,2,,36.5,1,1,1,2,3,4,3,2,4,2,2,2,3,27,3,3,3,3,3,3,18,4,5,5,4,2,4,4,4,32,4,4,4,4,5,5,26,4,4,4,4,4,4,24
67,2,,42.08,2,1,1,3,3,3,2,2,3,2,3,3,2,26,3,3,3,2,3,3,17,5,5,5,4,3,5,4,4,35,5,5,5,5,5,5,30,5,5,5,5,5,5,30
61,2,,32.04,1,1,2,4,3,3,2,2,2,2,2,2,1,23,3,3,3,3,3,3,18,4,5,5,5,4,5,6,5,39,5,5,5,5,5,6,31,5,6,6,5,5,5,32
51,2,,31.1,1,1,2,3,3,2,2,2,3,2,2,2,1,22,3,3,3,3,3,3,18,2,5,5,6,5,5,4,4,36,5,5,5,5,5,5,30,5,5,5,5,5,5,30
58,2,,44.1,1,1,2,2,3,3,1,2,2,2,2,2,1,20,3,3,3,3,3,3,18,5,6,5,6,5,6,5,5,43,5,5,5,6,6,6,33,5,5,5,5,6,5,31
51,2,,50.06,1,1,1,4,4,3,1,2,3,2,2,3,3,27,4,4,3,3,3,3,20,6,6,6,6,4,6,5,6,45,5,5,5,4,4,4,27,5,5,5,5,5,5,30
49,2,,45.1,1,1,1,5,2,4,2,3,4,2,3,3,3,31,3,3,2,3,2,2,15,5,5,5,5,5,5,5,5,40,5,5,4,4,5,3,26,4,4,4,3,3,2,20
53,2,,42.11,1,1,2,3,2,3,2,2,4,1,2,3,3,25,3,2,2,2,2,3,14,6,6,5,3,3,4,4,6,37,4,4,4,3,3,5,23,4,3,4,5,6,6,28
66,1,,49.05,2,1,1,2,2,3,2,1,2,3,2,2,2,21,3,3,4,3,4,4,21,5,5,5,4,4,5,5,4,37,5,6,5,5,5,4,30,4,4,5,4,5,3,25
46,1,,39.03,1,1,2,4,1,5,1,2,2,1,2,3,1,22,3,3,3,3,2,3,17,5,5,4,4,4,4,4,4,34,4,4,3,3,4,4,22,4,3,4,4,6,4,25
38,2,,53.05,2,1,2,3,3,3,2,2,3,3,2,3,3,27,4,4,4,3,4,4,23,6,6,5,4,4,4,5,4,38,5,5,5,5,5,4,29,5,5,5,4,5,4,28
69,1,,55.04,2,1,1,2,3,3,2,2,3,4,2,2,3,26,4,3,4,3,4,3,21,6,5,5,6,3,6,5,4,40,6,6,6,6,4,4,32,6,6,6,6,6,6,36
59,2,,36.04,2,1,2,4,4,5,2,3,4,3,3,4,4,36,2,3,3,2,1,2,13,4,5,3,4,3,5,4,4,32,4,5,6,6,5,4,30,5,6,6,3,6,5,31
38,2,,40,2,1,2,1,1,2,1,2,2,1,2,2,1,15,2,2,2,2,3,1,12,6,4,4,4,5,4,6,4,37,3,4,4,1,4,4,20,4,4,4,6,6,6,30
40,2,,30,1,1,2,3,3,3,1,1,5,1,1,3,2,23,3,3,3,3,3,3,18,4,4,4,4,4,4,4,4,32,4,4,4,4,4,4,24,4,4,4,4,3,4,23
45,2,,60.09,1,1,1,5,3,3,2,3,3,3,2,3,3,30,3,3,3,2,3,1,15,4,5,1,4,2,1,5,4,26,2,5,4,4,4,4,23,4,4,4,4,4,4,24
66,2,,43.04,2,1,2,4,2,5,1,3,4,1,3,4,4,31,2,3,3,3,1,3,15,4,4,4,4,4,6,5,5,36,6,6,6,6,6,6,36,6,6,6,6,6,6,36
40,2,,25.08,1,1,2,3,2,4,2,3,2,2,3,3,3,27,3,3,3,3,2,2,16,4,4,3,4,4,5,5,4,33,4,4,4,4,4,4,24,3,4,4,3,4,4,22
37,2,,25.02,1,1,2,3,1,3,1,1,3,1,4,1,2,20,4,4,4,4,4,3,23,6,6,5,6,5,6,6,5,45,5,6,6,6,6,6,35,6,6,6,5,6,5,34
52,1,,56.07,2,1,2,3,2,2,1,3,2,1,1,3,2,20,4,4,3,4,3,3,21,6,6,5,5,5,6,6,5,44,6,6,5,5,5,5,32,5,5,5,6,6,6,33
37,1,,40.03,1,1,2,4,3,3,3,2,2,3,3,3,3,29,3,3,3,3,3,2,17,6,4,5,3,5,5,4,5,37,3,4,4,3,4,4,22,3,4,4,4,4,3,22
58,1,,47.11,2,1,2,2,2,2,1,2,2,1,2,2,1,17,4,4,4,3,3,4,22,6,6,5,6,5,6,5,4,43,6,6,6,6,6,6,36,6,6,6,6,6,6,36
66,2,,32,2,1,2,4,4,5,2,3,4,2,3,4,3,34,1,2,2,2,1,1,9,4,3,2,4,1,4,5,4,27,5,4,5,3,5,4,26,4,5,4,3,4,4,24
53,2,,47,2,1,1,3,2,3,2,2,2,2,2,3,1,22,3,4,4,3,3,4,21,4,5,4,4,4,6,4,4,35,5,6,5,5,6,6,33,5,5,5,6,6,6,33
56,2,,54.04,2,1,2,3,3,3,1,2,2,2,2,3,2,23,3,4,4,4,4,3,22,6,5,5,6,5,6,6,6,45,5,5,5,5,6,5,31,5,5,5,4,5,5,29
38,2,,48.08,1,1,2,5,5,5,2,3,5,3,2,5,4,39,4,3,3,3,3,3,19,6,5,6,4,5,3,5,2,36,4,4,4,4,4,4,24,5,5,6,4,6,4,30
59,1,,35.11,1,1,2,3,3,3,3,3,4,3,3,4,2,31,3,3,3,2,1,2,14,3,4,4,2,4,4,4,5,30,4,4,4,3,6,4,25,3,4,3,4,5,5,24
56,1,,44.06,2,1,2,3,3,3,2,2,3,2,2,2,2,24,3,3,3,3,3,3,18,5,5,5,4,4,5,5,6,39,5,4,5,5,5,5,29,5,5,5,5,5,3,28
38,2,,40.01,2,1,2,4,3,4,1,2,3,1,3,3,3,27,3,2,2,2,2,3,14,4,4,4,4,4,4,4,4,32,5,5,5,1,5,5,26,5,4,4,3,4,4,24
58,1,,35.05,1,1,2,1,1,3,2,3,3,2,2,2,2,21,4,3,4,3,4,3,21,6,6,6,4,4,6,6,6,44,6,6,6,6,6,6,36,6,6,6,6,6,6,36
67,2,,53.02,2,1,2,5,3,3,2,3,3,2,2,3,3,29,3,3,3,3,2,3,17,5,4,4,5,3,5,4,4,34,5,6,6,6,6,6,35,5,6,6,3,5,5,30
52,1,,61.07,2,1,2,3,1,3,1,2,3,1,1,3,2,20,4,3,3,4,4,2,20,6,4,4,5,4,5,5,5,38,4,4,4,3,4,3,22,4,4,4,3,5,4,24
51,2,,25.07,1,1,2,3,3,4,3,3,4,3,4,3,2,32,3,3,3,3,3,3,18,3,4,4,4,4,4,5,4,32,4,5,4,4,5,5,27,5,5,4,4,4,4,26
52,1,,22.07,1,1,2,3,2,2,4,2,3,1,2,3,2,24,4,4,4,4,4,4,24,5,5,5,4,5,5,6,5,40,5,6,4,6,6,6,33,6,6,6,6,6,6,36
35,2,,58.1,2,1,2,5,5,5,1,2,2,2,2,3,2,29,3,3,3,3,3,3,18,5,5,5,5,5,5,5,5,40,5,5,5,5,5,5,30,5,5,5,4,4,5,28
39,2,,46.08,1,1,2,4,3,2,1,3,3,1,2,3,1,23,4,3,4,3,3,3,20,6,5,4,5,6,5,5,5,41,4,4,3,4,3,5,23,3,4,4,3,4,3,21
68,2,,51.11,1,1,2,2,3,3,2,3,3,2,3,3,3,27,3,2,3,2,3,3,16,3,4,3,4,3,3,5,3,28,4,4,4,4,4,4,24,4,4,4,3,4,3,22
51,2,,36.01,1,1,2,3,2,3,2,2,3,1,1,1,1,19,4,3,4,3,4,3,21,4,4,4,4,5,3,3,4,31,6,6,5,5,5,5,32,4,4,4,4,5,5,26
58,1,,45.06,2,1,2,2,2,3,2,2,3,2,2,3,2,23,4,4,3,3,3,3,20,5,5,4,5,5,6,5,4,39,6,6,6,6,6,6,36,6,6,6,6,6,6,36
50,2,,54.07,1,1,1,3,3,3,2,1,3,1,1,3,2,22,4,4,4,4,3,3,22,6,5,5,5,6,6,5,5,43,5,5,5,5,5,5,30,5,5,5,5,5,5,30
59,2,,51.04,1,1,2,5,5,4,3,3,4,2,4,4,2,36,3,3,3,2,3,3,17,4,5,4,2,4,5,5,4,33,4,5,6,4,5,5,29,4,4,4,5,4,5,26
45,2,,37.03,2,1,1,5,5,5,3,3,5,3,3,5,5,42,2,2,3,2,1,1,11,5,5,4,5,5,6,6,5,41,5,5,5,5,6,6,32,5,5,5,6,6,6,33
57,2,,43.06,1,1,2,3,2,3,2,2,2,2,2,3,1,22,4,3,3,3,3,4,20,4,2,4,4,3,4,4,4,29,4,4,4,4,5,5,26,4,5,5,5,5,4,28
49,2,,38.04,2,1,1,4,2,3,1,2,3,2,2,3,3,25,3,3,3,3,3,3,18,6,6,5,5,4,4,5,5,40,4,4,4,3,5,4,24,3,3,3,4,4,4,21
66,1,,43.04,2,1,1,2,2,2,2,3,3,2,2,3,3,24,3,3,3,3,2,3,17,4,5,5,5,5,5,5,5,39,5,5,5,4,5,4,28,5,5,5,5,5,4,29
